c_Municipio,c_Estado,Descripción,Fecha de inicio de vigencia,Fecha de fin de vigencia
001,AGU,Aguascalientes,01/01/2022,
001,BCN,Ensenada,01/01/2022,
001,BCS,Comondú,01/01/2022,
001,CAM,Calkiní,01/01/2022,
001,COA,Abasolo,01/01/2022,
001,COL,Armería,01/01/2022,
001,CHH,Ahumada,01/01/2022,
001,CHP,Acacoyagua,01/01/2022,
001,DUR,Canatlán,01/01/2022,
001,GRO,Acapulco de Juárez,01/01/2022,
001,GUA,Abasolo,01/01/2022,
001,HID,Acatlán,01/01/2022,
001,JAL,Acatic,01/01/2022,
001,MEX,Acambay de Ruíz Castañeda,01/01/2022,
001,MIC,Acuitzio,01/01/2022,
001,MOR,Amacuzac,01/01/2022,
001,NAY,Acaponeta,01/01/2022,
001,NLE,Abasolo,01/01/2022,
001,OAX,Abejones,01/01/2022,
001,PUE,Acajete,01/01/2022,
001,QUE,Amealco de Bonfil,01/01/2022,
001,ROO,Cozumel,01/01/2022,
001,SIN,Ahome,01/01/2022,
001,SLP,Ahualulco,01/01/2022,
001,SON,Aconchi,01/01/2022,
001,TAB,Balancán,01/01/2022,
001,TAM,Abasolo,01/01/2022,
001,TLA,Amaxac de Guerrero,01/01/2022,
001,VER,Acajete,01/01/2022,
001,YUC,Abalá,01/01/2022,
001,ZAC,Apozol,01/01/2022,
002,AGU,Asientos,01/01/2022,
002,BCN,Mexicali,01/01/2022,
002,BCS,Mulegé,01/01/2022,
002,CAM,Campeche,01/01/2022,
002,COA,Acuña,01/01/2022,
002,COL,Colima,01/01/2022,
002,CHH,Aldama,01/01/2022,
002,CHP,Acala,01/01/2022,
002,CMX,Azcapotzalco,01/01/2022,
002,DUR,Canelas,01/01/2022,
002,GRO,Ahuacuotzingo,01/01/2022,
002,GUA,Acámbaro,01/01/2022,
002,HID,Acaxochitlán,01/01/2022,
002,JAL,Acatlán de Juárez,01/01/2022,
002,MEX,Acolman,01/01/2022,
002,MIC,Aguililla,01/01/2022,
002,MOR,Atlatlahucan,01/01/2022,
002,NAY,Ahuacatlán,01/01/2022,
002,NLE,Agualeguas,01/01/2022,
002,OAX,Acatlán de Pérez Figueroa,01/01/2022,
002,PUE,Acateno,01/01/2022,
002,QUE,Pinal de Amoles,01/01/2022,
002,ROO,Felipe Carrillo Puerto,01/01/2022,
002,SIN,Angostura,01/01/2022,
002,SLP,Alaquines,01/01/2022,
002,SON,Agua Prieta,01/01/2022,
002,TAB,Cárdenas,01/01/2022,
002,TAM,Aldama,01/01/2022,
002,TLA,Apetatitlán de Antonio Carvajal,01/01/2022,
002,VER,Acatlán,01/01/2022,
002,YUC,Acanceh,01/01/2022,
002,ZAC,Apulco,01/01/2022,
003,AGU,Calvillo,01/01/2022,
003,BCN,Tecate,01/01/2022,
003,BCS,La Paz,01/01/2022,
003,CAM,Carmen,01/01/2022,
003,COA,Allende,01/01/2022,
003,COL,Comala,01/01/2022,
003,CHH,Allende,01/01/2022,
003,CHP,Acapetahua,01/01/2022,
003,CMX,Coyoacán,01/01/2022,
003,DUR,Coneto de Comonfort,01/01/2022,
003,GRO,Ajuchitlán del Progreso,01/01/2022,
003,GUA,San Miguel de Allende,01/01/2022,
003,HID,Actopan,01/01/2022,
003,JAL,Ahualulco de Mercado,01/01/2022,
003,MEX,Aculco,01/01/2022,
003,MIC,Álvaro Obregón,01/01/2022,
003,MOR,Axochiapan,01/01/2022,
003,NAY,Amatlán de Cañas,01/01/2022,
003,NLE,Los Aldamas,01/01/2022,
003,OAX,Asunción Cacalotepec,01/01/2022,
003,PUE,Acatlán,01/01/2022,
003,QUE,Arroyo Seco,01/01/2022,
003,ROO,Isla Mujeres,01/01/2022,
003,SIN,Badiraguato,01/01/2022,
003,SLP,Aquismón,01/01/2022,
003,SON,Alamos,01/01/2022,
003,TAB,Centla,01/01/2022,
003,TAM,Altamira,01/01/2022,
003,TLA,Atlangatepec,01/01/2022,
003,VER,Acayucan,01/01/2022,
003,YUC,Akil,01/01/2022,
003,ZAC,Atolinga,01/01/2022,
004,AGU,Cosío,01/01/2022,
004,BCN,Tijuana,01/01/2022,
004,CAM,Champotón,01/01/2022,
004,COA,Arteaga,01/01/2022,
004,COL,Coquimatlán,01/01/2022,
004,CHH,Aquiles Serdán,01/01/2022,
004,CHP,Altamirano,01/01/2022,
004,CMX,Cuajimalpa de Morelos,01/01/2022,
004,DUR,Cuencamé,01/01/2022,
004,GRO,Alcozauca de Guerrero,01/01/2022,
004,GUA,Apaseo el Alto,01/01/2022,
004,HID,Agua Blanca de Iturbide,01/01/2022,
004,JAL,Amacueca,01/01/2022,
004,MEX,Almoloya de Alquisiras,01/01/2022,
004,MIC,Angamacutiro,01/01/2022,
004,MOR,Ayala,01/01/2022,
004,NAY,Compostela,01/01/2022,
004,NLE,Allende,01/01/2022,
004,OAX,Asunción Cuyotepeji,01/01/2022,
004,PUE,Acatzingo,01/01/2022,
004,QUE,Cadereyta de Montes,01/01/2022,
004,ROO,Othón P. Blanco,01/01/2022,
004,SIN,Concordia,01/01/2022,
004,SLP,Armadillo de los Infante,01/01/2022,
004,SON,Altar,01/01/2022,
004,TAB,Centro,01/01/2022,
004,TAM,Antiguo Morelos,01/01/2022,
004,TLA,Atltzayanca,01/01/2022,
004,VER,Actopan,01/01/2022,
004,YUC,Baca,01/01/2022,
004,ZAC,Benito Juárez,01/01/2022,
005,AGU,Jesús María,01/01/2022,
005,BCN,Playas de Rosarito,01/01/2022,
005,CAM,Hecelchakán,01/01/2022,
005,COA,Candela,01/01/2022,
005,COL,Cuauhtémoc,01/01/2022,
005,CHH,Ascensión,01/01/2022,
005,CHP,Amatán,01/01/2022,
005,CMX,Gustavo A. Madero,01/01/2022,
005,DUR,Durango,01/01/2022,
005,GRO,Alpoyeca,01/01/2022,
005,GUA,Apaseo el Grande,01/01/2022,
005,HID,Ajacuba,01/01/2022,
005,JAL,Amatitán,01/01/2022,
005,MEX,Almoloya de Juárez,01/01/2022,
005,MIC,Angangueo,01/01/2022,
005,MOR,Coatlán del Río,01/01/2022,
005,NAY,Huajicori,01/01/2022,
005,NLE,Anáhuac,01/01/2022,
005,OAX,Asunción Ixtaltepec,01/01/2022,
005,PUE,Acteopan,01/01/2022,
005,QUE,Colón,01/01/2022,
005,ROO,Benito Juárez,01/01/2022,
005,SIN,Cosalá,01/01/2022,
005,SLP,Cárdenas,01/01/2022,
005,SON,Arivechi,01/01/2022,
005,TAB,Comalcalco,01/01/2022,
005,TAM,Burgos,01/01/2022,
005,TLA,Apizaco,01/01/2022,
005,VER,Acula,01/01/2022,
005,YUC,Bokobá,01/01/2022,
005,ZAC,Calera,01/01/2022,
006,AGU,Pabellón de Arteaga,01/01/2022,
006,CAM,Hopelchén,01/01/2022,
006,COA,Castaños,01/01/2022,
006,COL,Ixtlahuacán,01/01/2022,
006,CHH,Bachíniva,01/01/2022,
006,CHP,Amatenango de la Frontera,01/01/2022,
006,CMX,Iztacalco,01/01/2022,
006,DUR,General Simón Bolívar,01/01/2022,
006,GRO,Apaxtla,01/01/2022,
006,GUA,Atarjea,01/01/2022,
006,HID,Alfajayucan,01/01/2022,
006,JAL,Ameca,01/01/2022,
006,MEX,Almoloya del Río,01/01/2022,
006,MIC,Apatzingán,01/01/2022,
006,MOR,Cuautla,01/01/2022,
006,NAY,Ixtlán del Río,01/01/2022,
006,NLE,Apodaca,01/01/2022,
006,OAX,Asunción Nochixtlán,01/01/2022,
006,PUE,Ahuacatlán,01/01/2022,
006,QUE,Corregidora,01/01/2022,
006,ROO,José María Morelos,01/01/2022,
006,SIN,Culiacán,01/01/2022,
006,SLP,Catorce,01/01/2022,
006,SON,Arizpe,01/01/2022,
006,TAB,Cunduacán,01/01/2022,
006,TAM,Bustamante,01/01/2022,
006,TLA,Calpulalpan,01/01/2022,
006,VER,Acultzingo,01/01/2022,
006,YUC,Buctzotz,01/01/2022,
006,ZAC,Cañitas de Felipe Pescador,01/01/2022,
007,AGU,Rincón de Romos,01/01/2022,
007,CAM,Palizada,01/01/2022,
007,COA,Cuatro Ciénegas,01/01/2022,
007,COL,Manzanillo,01/01/2022,
007,CHH,Balleza,01/01/2022,
007,CHP,Amatenango del Valle,01/01/2022,
007,CMX,Iztapalapa,01/01/2022,
007,DUR,Gómez Palacio,01/01/2022,
007,GRO,Arcelia,01/01/2022,
007,GUA,Celaya,01/01/2022,
007,HID,Almoloya,01/01/2022,
007,JAL,San Juanito de Escobedo,01/01/2022,
007,MEX,Amanalco,01/01/2022,
007,MIC,Aporo,01/01/2022,
007,MOR,Cuernavaca,01/01/2022,
007,NAY,Jala,01/01/2022,
007,NLE,Aramberri,01/01/2022,
007,OAX,Asunción Ocotlán,01/01/2022,
007,PUE,Ahuatlán,01/01/2022,
007,QUE,Ezequiel Montes,01/01/2022,
007,ROO,Lázaro Cárdenas,01/01/2022,
007,SIN,Choix,01/01/2022,
007,SLP,Cedral,01/01/2022,
007,SON,Atil,01/01/2022,
007,TAB,Emiliano Zapata,01/01/2022,
007,TAM,Camargo,01/01/2022,
007,TLA,El Carmen Tequexquitla,01/01/2022,
007,VER,Camarón de Tejeda,01/01/2022,
007,YUC,Cacalchén,01/01/2022,
007,ZAC,Concepción del Oro,01/01/2022,
008,AGU,San José de Gracia,01/01/2022,
008,BCS,Los Cabos,01/01/2022,
008,CAM,Tenabo,01/01/2022,
008,COA,Escobedo,01/01/2022,
008,COL,Minatitlán,01/01/2022,
008,CHH,Batopilas,01/01/2022,
008,CHP,Angel Albino Corzo,01/01/2022,
008,CMX,La Magdalena Contreras,01/01/2022,
008,DUR,Guadalupe Victoria,01/01/2022,
008,GRO,Atenango del Río,01/01/2022,
008,GUA,Manuel Doblado,01/01/2022,
008,HID,Apan,01/01/2022,
008,JAL,Arandas,01/01/2022,
008,MEX,Amatepec,01/01/2022,
008,MIC,Aquila,01/01/2022,
008,MOR,Emiliano Zapata,01/01/2022,
008,NAY,Xalisco,01/01/2022,
008,NLE,Bustamante,01/01/2022,
008,OAX,Asunción Tlacolulita,01/01/2022,
008,PUE,Ahuazotepec,01/01/2022,
008,QUE,Huimilpan,01/01/2022,
008,ROO,Solidaridad,01/01/2022,
008,SIN,Elota,01/01/2022,
008,SLP,Cerritos,01/01/2022,
008,SON,Bacadéhuachi,01/01/2022,
008,TAB,Huimanguillo,01/01/2022,
008,TAM,Casas,01/01/2022,
008,TLA,Cuapiaxtla,01/01/2022,
008,VER,Alpatláhuac,01/01/2022,
008,YUC,Calotmul,01/01/2022,
008,ZAC,Cuauhtémoc,01/01/2022,
009,AGU,Tepezalá,01/01/2022,
009,BCS,Loreto,01/01/2022,
009,CAM,Escárcega,01/01/2022,
009,COA,Francisco I. Madero,01/01/2022,
009,COL,Tecomán,01/01/2022,
009,CHH,Bocoyna,01/01/2022,
009,CHP,Arriaga,01/01/2022,
009,CMX,Milpa Alta,01/01/2022,
009,DUR,Guanaceví,01/01/2022,
009,GRO,Atlamajalcingo del Monte,01/01/2022,
009,GUA,Comonfort,01/01/2022,
009,HID,El Arenal,01/01/2022,
009,JAL,El Arenal,01/01/2022,
009,MEX,Amecameca,01/01/2022,
009,MIC,Ario,01/01/2022,
009,MOR,Huitzilac,01/01/2022,
009,NAY,Del Nayar,01/01/2022,
009,NLE,Cadereyta Jiménez,01/01/2022,
009,OAX,Ayotzintepec,01/01/2022,
009,PUE,Ahuehuetitla,01/01/2022,
009,QUE,Jalpan de Serra,01/01/2022,
009,ROO,Tulum,01/01/2022,
009,SIN,Escuinapa,01/01/2022,
009,SLP,Cerro de San Pedro,01/01/2022,
009,SON,Bacanora,01/01/2022,
009,TAB,Jalapa,01/01/2022,
009,TAM,Ciudad Madero,01/01/2022,
009,TLA,Cuaxomulco,01/01/2022,
009,VER,Alto Lucero de Gutiérrez Barrios,01/01/2022,
009,YUC,Cansahcab,01/01/2022,
009,ZAC,Chalchihuites,01/01/2022,
010,AGU,El Llano,01/01/2022,
010,CAM,Calakmul,01/01/2022,
010,COA,Frontera,01/01/2022,
010,COL,Villa de Álvarez,01/01/2022,
010,CHH,Buenaventura,01/01/2022,
010,CHP,Bejucal de Ocampo,01/01/2022,
010,CMX,Álvaro Obregón,01/01/2022,
010,DUR,Hidalgo,01/01/2022,
010,GRO,Atlixtac,01/01/2022,
010,GUA,Coroneo,01/01/2022,
010,HID,Atitalaquia,01/01/2022,
010,JAL,Atemajac de Brizuela,01/01/2022,
010,MEX,Apaxco,01/01/2022,
010,MIC,Arteaga,01/01/2022,
010,MOR,Jantetelco,01/01/2022,
010,NAY,Rosamorada,01/01/2022,
010,NLE,El Carmen,01/01/2022,
010,OAX,El Barrio de la Soledad,01/01/2022,
010,PUE,Ajalpan,01/01/2022,
010,QUE,Landa de Matamoros,01/01/2022,
010,ROO,Bacalar,01/01/2022,
010,SIN,El Fuerte,01/01/2022,
010,SLP,Ciudad del Maíz,01/01/2022,
010,SON,Bacerac,01/01/2022,
010,TAB,Jalpa de Méndez,01/01/2022,
010,TAM,Cruillas,01/01/2022,
010,TLA,Chiautempan,01/01/2022,
010,VER,Altotonga,01/01/2022,
010,YUC,Cantamayec,01/01/2022,
010,ZAC,Fresnillo,01/01/2022,
011,AGU,San Francisco de los Romo,01/01/2022,
011,CAM,Candelaria,01/01/2022,
011,COA,General Cepeda,01/01/2022,
011,CHH,Camargo,01/01/2022,
011,CHP,Bella Vista,01/01/2022,
011,CMX,Tláhuac,01/01/2022,
011,DUR,Indé,01/01/2022,
011,GRO,Atoyac de Álvarez,01/01/2022,
011,GUA,Cortazar,01/01/2022,
011,HID,Atlapexco,01/01/2022,
011,JAL,Atengo,01/01/2022,
011,MEX,Atenco,01/01/2022,
011,MIC,Briseñas,01/01/2022,
011,MOR,Jiutepec,01/01/2022,
011,NAY,Ruíz,01/01/2022,
011,NLE,Cerralvo,01/01/2022,
011,OAX,Calihualá,01/01/2022,
011,PUE,Albino Zertuche,01/01/2022,
011,QUE,El Marqués,01/01/2022,
011,ROO,Puerto Morelos,01/01/2022,
011,SIN,Guasave,01/01/2022,
011,SLP,Ciudad Fernández,01/01/2022,
011,SON,Bacoachi,01/01/2022,
011,TAB,Jonuta,01/01/2022,
011,TAM,Gómez Farías,01/01/2022,
011,TLA,Muñoz de Domingo Arenas,01/01/2022,
011,VER,Alvarado,01/01/2022,
011,YUC,Celestún,01/01/2022,
011,ZAC,Trinidad García de la Cadena,01/01/2022,
012,COA,Guerrero,01/01/2022,
012,CHH,Carichí,01/01/2022,
012,CHP,Berriozábal,01/01/2022,
012,CMX,Tlalpan,01/01/2022,
012,DUR,Lerdo,01/01/2022,
012,GRO,Ayutla de los Libres,01/01/2022,
012,GUA,Cuerámaro,01/01/2022,
012,HID,Atotonilco el Grande,01/01/2022,
012,JAL,Atenguillo,01/01/2022,
012,MEX,Atizapán,01/01/2022,
012,MIC,Buenavista,01/01/2022,
012,MOR,Jojutla,01/01/2022,
012,NAY,San Blas,01/01/2022,
012,NLE,Ciénega de Flores,01/01/2022,
012,OAX,Candelaria Loxicha,01/01/2022,
012,PUE,Aljojuca,01/01/2022,
012,QUE,Pedro Escobedo,01/01/2022,
012,SIN,Mazatlán,01/01/2022,
012,SLP,Tancanhuitz,01/01/2022,
012,SON,Bácum,01/01/2022,
012,TAB,Macuspana,01/01/2022,
012,TAM,González,01/01/2022,
012,TLA,Españita,01/01/2022,
012,VER,Amatitlán,01/01/2022,
012,YUC,Cenotillo,01/01/2022,
012,ZAC,Genaro Codina,01/01/2022,
013,COA,Hidalgo,01/01/2022,
013,CHH,Casas Grandes,01/01/2022,
013,CHP,Bochil,01/01/2022,
013,CMX,Xochimilco,01/01/2022,
013,DUR,Mapimí,01/01/2022,
013,GRO,Azoyú,01/01/2022,
013,GUA,Doctor Mora,01/01/2022,
013,HID,Atotonilco de Tula,01/01/2022,
013,JAL,Atotonilco el Alto,01/01/2022,
013,MEX,Atizapán de Zaragoza,01/01/2022,
013,MIC,Carácuaro,01/01/2022,
013,MOR,Jonacatepec,01/01/2022,
013,NAY,San Pedro Lagunillas,01/01/2022,
013,NLE,China,01/01/2022,
013,OAX,Ciénega de Zimatlán,01/01/2022,
013,PUE,Altepexi,01/01/2022,
013,QUE,Peñamiller,01/01/2022,
013,SIN,Mocorito,01/01/2022,
013,SLP,Ciudad Valles,01/01/2022,
013,SON,Banámichi,01/01/2022,
013,TAB,Nacajuca,01/01/2022,
013,TAM,Güémez,01/01/2022,
013,TLA,Huamantla,01/01/2022,
013,VER,Naranjos Amatlán,01/01/2022,
013,YUC,Conkal,01/01/2022,
013,ZAC,General Enrique Estrada,01/01/2022,
014,COA,Jiménez,01/01/2022,
014,CHH,Coronado,01/01/2022,
014,CHP,El Bosque,01/01/2022,
014,CMX,Benito Juárez,01/01/2022,
014,DUR,Mezquital,01/01/2022,
014,GRO,Benito Juárez,01/01/2022,
014,GUA,Dolores Hidalgo Cuna de la Independencia Nacional,01/01/2022,
014,HID,Calnali,01/01/2022,
014,JAL,Atoyac,01/01/2022,
014,MEX,Atlacomulco,01/01/2022,
014,MIC,Coahuayana,01/01/2022,
014,MOR,Mazatepec,01/01/2022,
014,NAY,Santa María del Oro,01/01/2022,
014,NLE,Doctor Arroyo,01/01/2022,
014,OAX,Ciudad Ixtepec,01/01/2022,
014,PUE,Amixtlán,01/01/2022,
014,QUE,Querétaro,01/01/2022,
014,SIN,Rosario,01/01/2022,
014,SLP,Coxcatlán,01/01/2022,
014,SON,Baviácora,01/01/2022,
014,TAB,Paraíso,01/01/2022,
014,TAM,Guerrero,01/01/2022,
014,TLA,Hueyotlipan,01/01/2022,
014,VER,Amatlán de los Reyes,01/01/2022,
014,YUC,Cuncunul,01/01/2022,
014,ZAC,General Francisco R. Murguía,01/01/2022,
015,COA,Juárez,01/01/2022,
015,CHH,Coyame del Sotol,01/01/2022,
015,CHP,Cacahoatán,01/01/2022,
015,CMX,Cuauhtémoc,01/01/2022,
015,DUR,Nazas,01/01/2022,
015,GRO,Buenavista de Cuéllar,01/01/2022,
015,GUA,Guanajuato,01/01/2022,
015,HID,Cardonal,01/01/2022,
015,JAL,Autlán de Navarro,01/01/2022,
015,MEX,Atlautla,01/01/2022,
015,MIC,Coalcomán de Vázquez Pallares,01/01/2022,
015,MOR,Miacatlán,01/01/2022,
015,NAY,Santiago Ixcuintla,01/01/2022,
015,NLE,Doctor Coss,01/01/2022,
015,OAX,Coatecas Altas,01/01/2022,
015,PUE,Amozoc,01/01/2022,
015,QUE,San Joaquín,01/01/2022,
015,SIN,Salvador Alvarado,01/01/2022,
015,SLP,Charcas,01/01/2022,
015,SON,Bavispe,01/01/2022,
015,TAB,Tacotalpa,01/01/2022,
015,TAM,Gustavo Díaz Ordaz,01/01/2022,
015,TLA,Ixtacuixtla de Mariano Matamoros,01/01/2022,
015,VER,Angel R. Cabada,01/01/2022,
015,YUC,Cuzamá,01/01/2022,
015,ZAC,El Plateado de Joaquín Amaro,01/01/2022,
016,COA,Lamadrid,01/01/2022,
016,CHH,La Cruz,01/01/2022,
016,CHP,Catazajá,01/01/2022,
016,CMX,Miguel Hidalgo,01/01/2022,
016,DUR,Nombre de Dios,01/01/2022,
016,GRO,Coahuayutla de José María Izazaga,01/01/2022,
016,GUA,Huanímaro,01/01/2022,
016,HID,Cuautepec de Hinojosa,01/01/2022,
016,JAL,Ayotlán,01/01/2022,
016,MEX,Axapusco,01/01/2022,
016,MIC,Coeneo,01/01/2022,
016,MOR,Ocuituco,01/01/2022,
016,NAY,Tecuala,01/01/2022,
016,NLE,Doctor González,01/01/2022,
016,OAX,Coicoyán de las Flores,01/01/2022,
016,PUE,Aquixtla,01/01/2022,
016,QUE,San Juan del Río,01/01/2022,
016,SIN,San Ignacio,01/01/2022,
016,SLP,Ebano,01/01/2022,
016,SON,Benjamín Hill,01/01/2022,
016,TAB,Teapa,01/01/2022,
016,TAM,Hidalgo,01/01/2022,
016,TLA,Ixtenco,01/01/2022,
016,VER,La Antigua,01/01/2022,
016,YUC,Chacsinkín,01/01/2022,
016,ZAC,General Pánfilo Natera,01/01/2022,
017,COA,Matamoros,01/01/2022,
017,CHH,Cuauhtémoc,01/01/2022,
017,CHP,Cintalapa,01/01/2022,
017,CMX,Venustiano Carranza,01/01/2022,
017,DUR,Ocampo,01/01/2022,
017,GRO,Cocula,01/01/2022,
017,GUA,Irapuato,01/01/2022,
017,HID,Chapantongo,01/01/2022,
017,JAL,Ayutla,01/01/2022,
017,MEX,Ayapango,01/01/2022,
017,MIC,Contepec,01/01/2022,
017,MOR,Puente de Ixtla,01/01/2022,
017,NAY,Tepic,01/01/2022,
017,NLE,Galeana,01/01/2022,
017,OAX,La Compañía,01/01/2022,
017,PUE,Atempan,01/01/2022,
017,QUE,Tequisquiapan,01/01/2022,
017,SIN,Sinaloa,01/01/2022,
017,SLP,Guadalcázar,01/01/2022,
017,SON,Caborca,01/01/2022,
017,TAB,Tenosique,01/01/2022,
017,TAM,Jaumave,01/01/2022,
017,TLA,Mazatecochco de José María Morelos,01/01/2022,
017,VER,Apazapan,01/01/2022,
017,YUC,Chankom,01/01/2022,
017,ZAC,Guadalupe,01/01/2022,
018,COA,Monclova,01/01/2022,
018,CHH,Cusihuiriachi,01/01/2022,
018,CHP,Coapilla,01/01/2022,
018,DUR,El Oro,01/01/2022,
018,GRO,Copala,01/01/2022,
018,GUA,Jaral del Progreso,01/01/2022,
018,HID,Chapulhuacán,01/01/2022,
018,JAL,La Barca,01/01/2022,
018,MEX,Calimaya,01/01/2022,
018,MIC,Copándaro,01/01/2022,
018,MOR,Temixco,01/01/2022,
018,NAY,Tuxpan,01/01/2022,
018,NLE,García,01/01/2022,
018,OAX,Concepción Buenavista,01/01/2022,
018,PUE,Atexcal,01/01/2022,
018,QUE,Tolimán,01/01/2022,
018,SIN,Navolato,01/01/2022,
018,SLP,Huehuetlán,01/01/2022,
018,SON,Cajeme,01/01/2022,
018,TAM,Jiménez,01/01/2022,
018,TLA,Contla de Juan Cuamatzi,01/01/2022,
018,VER,Aquila,01/01/2022,
018,YUC,Chapab,01/01/2022,
018,ZAC,Huanusco,01/01/2022,
019,COA,Morelos,01/01/2022,
019,CHH,Chihuahua,01/01/2022,
019,CHP,Comitán de Domínguez,01/01/2022,
019,DUR,Otáez,01/01/2022,
019,GRO,Copalillo,01/01/2022,
019,GUA,Jerécuaro,01/01/2022,
019,HID,Chilcuautla,01/01/2022,
019,JAL,Bolaños,01/01/2022,
019,MEX,Capulhuac,01/01/2022,
019,MIC,Cotija,01/01/2022,
019,MOR,Tepalcingo,01/01/2022,
019,NAY,La Yesca,01/01/2022,
019,NLE,San Pedro Garza García,01/01/2022,
019,OAX,Concepción Pápalo,01/01/2022,
019,PUE,Atlixco,01/01/2022,
019,SLP,Lagunillas,01/01/2022,
019,SON,Cananea,01/01/2022,
019,TAM,Llera,01/01/2022,
019,TLA,Tepetitla de Lardizábal,01/01/2022,
019,VER,Astacinga,01/01/2022,
019,YUC,Chemax,01/01/2022,
019,ZAC,Jalpa,01/01/2022,
020,COA,Múzquiz,01/01/2022,
020,CHH,Chínipas,01/01/2022,
020,CHP,La Concordia,01/01/2022,
020,DUR,Pánuco de Coronado,01/01/2022,
020,GRO,Copanatoyac,01/01/2022,
020,GUA,León,01/01/2022,
020,HID,Eloxochitlán,01/01/2022,
020,JAL,Cabo Corrientes,01/01/2022,
020,MEX,Coacalco de Berriozábal,01/01/2022,
020,MIC,Cuitzeo,01/01/2022,
020,MOR,Tepoztlán,01/01/2022,
020,NAY,Bahía de Banderas,01/01/2022,
020,NLE,General Bravo,01/01/2022,
020,OAX,Constancia del Rosario,01/01/2022,
020,PUE,Atoyatempan,01/01/2022,
020,SLP,Matehuala,01/01/2022,
020,SON,Carbó,01/01/2022,
020,TAM,Mainero,01/01/2022,
020,TLA,Sanctórum de Lázaro Cárdenas,01/01/2022,
020,VER,Atlahuilco,01/01/2022,
020,YUC,Chicxulub Pueblo,01/01/2022,
020,ZAC,Jerez,01/01/2022,
021,COA,Nadadores,01/01/2022,
021,CHH,Delicias,01/01/2022,
021,CHP,Copainalá,01/01/2022,
021,DUR,Peñón Blanco,01/01/2022,
021,GRO,Coyuca de Benítez,01/01/2022,
021,GUA,Moroleón,01/01/2022,
021,HID,Emiliano Zapata,01/01/2022,
021,JAL,Casimiro Castillo,01/01/2022,
021,MEX,Coatepec Harinas,01/01/2022,
021,MIC,Charapan,01/01/2022,
021,MOR,Tetecala,01/01/2022,
021,NLE,General Escobedo,01/01/2022,
021,OAX,Cosolapa,01/01/2022,
021,PUE,Atzala,01/01/2022,
021,SLP,Mexquitic de Carmona,01/01/2022,
021,SON,La Colorada,01/01/2022,
021,TAM,El Mante,01/01/2022,
021,TLA,Nanacamilpa de Mariano Arista,01/01/2022,
021,VER,Atoyac,01/01/2022,
021,YUC,Chichimilá,01/01/2022,
021,ZAC,Jiménez del Teul,01/01/2022,
022,COA,Nava,01/01/2022,
022,CHH,Dr. Belisario Domínguez,01/01/2022,
022,CHP,Chalchihuitán,01/01/2022,
022,DUR,Poanas,01/01/2022,
022,GRO,Coyuca de Catalán,01/01/2022,
022,GUA,Ocampo,01/01/2022,
022,HID,Epazoyucan,01/01/2022,
022,JAL,Cihuatlán,01/01/2022,
022,MEX,Cocotitlán,01/01/2022,
022,MIC,Charo,01/01/2022,
022,MOR,Tetela del Volcán,01/01/2022,
022,NLE,General Terán,01/01/2022,
022,OAX,Cosoltepec,01/01/2022,
022,PUE,Atzitzihuacán,01/01/2022,
022,SLP,Moctezuma,01/01/2022,
022,SON,Cucurpe,01/01/2022,
022,TAM,Matamoros,01/01/2022,
022,TLA,Acuamanala de Miguel Hidalgo,01/01/2022,
022,VER,Atzacan,01/01/2022,
022,YUC,Chikindzonot,01/01/2022,
022,ZAC,Juan Aldama,01/01/2022,
023,COA,Ocampo,01/01/2022,
023,CHH,Galeana,01/01/2022,
023,CHP,Chamula,01/01/2022,
023,DUR,Pueblo Nuevo,01/01/2022,
023,GRO,Cuajinicuilapa,01/01/2022,
023,GUA,Pénjamo,01/01/2022,
023,HID,Francisco I. Madero,01/01/2022,
023,JAL,Zapotlán el Grande,01/01/2022,
023,MEX,Coyotepec,01/01/2022,
023,MIC,Chavinda,01/01/2022,
023,MOR,Tlalnepantla,01/01/2022,
023,NLE,General Treviño,01/01/2022,
023,OAX,Cuilápam de Guerrero,01/01/2022,
023,PUE,Atzitzintla,01/01/2022,
023,SLP,Rayón,01/01/2022,
023,SON,Cumpas,01/01/2022,
023,TAM,Méndez,01/01/2022,
023,TLA,Natívitas,01/01/2022,
023,VER,Atzalan,01/01/2022,
023,YUC,Chocholá,01/01/2022,
023,ZAC,Juchipila,01/01/2022,
024,COA,Parras,01/01/2022,
024,CHH,Santa Isabel,01/01/2022,
024,CHP,Chanal,01/01/2022,
024,DUR,Rodeo,01/01/2022,
024,GRO,Cualác,01/01/2022,
024,GUA,Pueblo Nuevo,01/01/2022,
024,HID,Huasca de Ocampo,01/01/2022,
024,JAL,Cocula,01/01/2022,
024,MEX,Cuautitlán,01/01/2022,
024,MIC,Cherán,01/01/2022,
024,MOR,Tlaltizapán de Zapata,01/01/2022,
024,NLE,General Zaragoza,01/01/2022,
024,OAX,Cuyamecalco Villa de Zaragoza,01/01/2022,
024,PUE,Axutla,01/01/2022,
024,SLP,Rioverde,01/01/2022,
024,SON,Divisaderos,01/01/2022,
024,TAM,Mier,01/01/2022,
024,TLA,Panotla,01/01/2022,
024,VER,Tlaltetela,01/01/2022,
024,YUC,Chumayel,01/01/2022,
024,ZAC,Loreto,01/01/2022,
025,COA,Piedras Negras,01/01/2022,
025,CHH,Gómez Farías,01/01/2022,
025,CHP,Chapultenango,01/01/2022,
025,DUR,San Bernardo,01/01/2022,
025,GRO,Cuautepec,01/01/2022,
025,GUA,Purísima del Rincón,01/01/2022,
025,HID,Huautla,01/01/2022,
025,JAL,Colotlán,01/01/2022,
025,MEX,Chalco,01/01/2022,
025,MIC,Chilchota,01/01/2022,
025,MOR,Tlaquiltenango,01/01/2022,
025,NLE,General Zuazua,01/01/2022,
025,OAX,Chahuites,01/01/2022,
025,PUE,Ayotoxco de Guerrero,01/01/2022,
025,SLP,Salinas,01/01/2022,
025,SON,Empalme,01/01/2022,
025,TAM,Miguel Alemán,01/01/2022,
025,TLA,San Pablo del Monte,01/01/2022,
025,VER,Ayahualulco,01/01/2022,
025,YUC,Dzán,01/01/2022,
025,ZAC,Luis Moya,01/01/2022,
026,COA,Progreso,01/01/2022,
026,CHH,Gran Morelos,01/01/2022,
026,CHP,Chenalhó,01/01/2022,
026,DUR,San Dimas,01/01/2022,
026,GRO,Cuetzala del Progreso,01/01/2022,
026,GUA,Romita,01/01/2022,
026,HID,Huazalingo,01/01/2022,
026,JAL,Concepción de Buenos Aires,01/01/2022,
026,MEX,Chapa de Mota,01/01/2022,
026,MIC,Chinicuila,01/01/2022,
026,MOR,Tlayacapan,01/01/2022,
026,NLE,Guadalupe,01/01/2022,
026,OAX,Chalcatongo de Hidalgo,01/01/2022,
026,PUE,Calpan,01/01/2022,
026,SLP,San Antonio,01/01/2022,
026,SON,Etchojoa,01/01/2022,
026,TAM,Miquihuana,01/01/2022,
026,TLA,Santa Cruz Tlaxcala,01/01/2022,
026,VER,Banderilla,01/01/2022,
026,YUC,Dzemul,01/01/2022,
026,ZAC,Mazapil,01/01/2022,
027,COA,Ramos Arizpe,01/01/2022,
027,CHH,Guachochi,01/01/2022,
027,CHP,Chiapa de Corzo,01/01/2022,
027,DUR,San Juan de Guadalupe,01/01/2022,
027,GRO,Cutzamala de Pinzón,01/01/2022,
027,GUA,Salamanca,01/01/2022,
027,HID,Huehuetla,01/01/2022,
027,JAL,Cuautitlán de García Barragán,01/01/2022,
027,MEX,Chapultepec,01/01/2022,
027,MIC,Chucándiro,01/01/2022,
027,MOR,Totolapan,01/01/2022,
027,NLE,Los Herreras,01/01/2022,
027,OAX,Chiquihuitlán de Benito Juárez,01/01/2022,
027,PUE,Caltepec,01/01/2022,
027,SLP,San Ciro de Acosta,01/01/2022,
027,SON,Fronteras,01/01/2022,
027,TAM,Nuevo Laredo,01/01/2022,
027,TLA,Tenancingo,01/01/2022,
027,VER,Benito Juárez,01/01/2022,
027,YUC,Dzidzantún,01/01/2022,
027,ZAC,Melchor Ocampo,01/01/2022,
028,COA,Sabinas,01/01/2022,
028,CHH,Guadalupe,01/01/2022,
028,CHP,Chiapilla,01/01/2022,
028,DUR,San Juan del Río,01/01/2022,
028,GRO,Chilapa de Álvarez,01/01/2022,
028,GUA,Salvatierra,01/01/2022,
028,HID,Huejutla de Reyes,01/01/2022,
028,JAL,Cuautla,01/01/2022,
028,MEX,Chiautla,01/01/2022,
028,MIC,Churintzio,01/01/2022,
028,MOR,Xochitepec,01/01/2022,
028,NLE,Higueras,01/01/2022,
028,OAX,Heroica Ciudad de Ejutla de Crespo,01/01/2022,
028,PUE,Camocuautla,01/01/2022,
028,SLP,San Luis Potosí,01/01/2022,
028,SON,Granados,01/01/2022,
028,TAM,Nuevo Morelos,01/01/2022,
028,TLA,Teolocholco,01/01/2022,
028,VER,Boca del Río,01/01/2022,
028,YUC,Dzilam de Bravo,01/01/2022,
028,ZAC,Mezquital del Oro,01/01/2022,
029,COA,Sacramento,01/01/2022,
029,CHH,Guadalupe y Calvo,01/01/2022,
029,CHP,Chicoasén,01/01/2022,
029,DUR,San Luis del Cordero,01/01/2022,
029,GRO,Chilpancingo de los Bravo,01/01/2022,
029,GUA,San Diego de la Unión,01/01/2022,
029,HID,Huichapan,01/01/2022,
029,JAL,Cuquío,01/01/2022,
029,MEX,Chicoloapan,01/01/2022,
029,MIC,Churumuco,01/01/2022,
029,MOR,Yautepec,01/01/2022,
029,NLE,Hualahuises,01/01/2022,
029,OAX,Eloxochitlán de Flores Magón,01/01/2022,
029,PUE,Caxhuacan,01/01/2022,
029,SLP,San Martín Chalchicuautla,01/01/2022,
029,SON,Guaymas,01/01/2022,
029,TAM,Ocampo,01/01/2022,
029,TLA,Tepeyanco,01/01/2022,
029,VER,Calcahualco,01/01/2022,
029,YUC,Dzilam González,01/01/2022,
029,ZAC,Miguel Auza,01/01/2022,
030,COA,Saltillo,01/01/2022,
030,CHH,Guazapares,01/01/2022,
030,CHP,Chicomuselo,01/01/2022,
030,DUR,San Pedro del Gallo,01/01/2022,
030,GRO,Florencio Villarreal,01/01/2022,
030,GUA,San Felipe,01/01/2022,
030,HID,Ixmiquilpan,01/01/2022,
030,JAL,Chapala,01/01/2022,
030,MEX,Chiconcuac,01/01/2022,
030,MIC,Ecuandureo,01/01/2022,
030,MOR,Yecapixtla,01/01/2022,
030,NLE,Iturbide,01/01/2022,
030,OAX,El Espinal,01/01/2022,
030,PUE,Coatepec,01/01/2022,
030,SLP,San Nicolás Tolentino,01/01/2022,
030,SON,Hermosillo,01/01/2022,
030,TAM,Padilla,01/01/2022,
030,TLA,Terrenate,01/01/2022,
030,VER,Camerino Z. Mendoza,01/01/2022,
030,YUC,Dzitás,01/01/2022,
030,ZAC,Momax,01/01/2022,
031,COA,San Buenaventura,01/01/2022,
031,CHH,Guerrero,01/01/2022,
031,CHP,Chilón,01/01/2022,
031,DUR,Santa Clara,01/01/2022,
031,GRO,General Canuto A. Neri,01/01/2022,
031,GUA,San Francisco del Rincón,01/01/2022,
031,HID,Jacala de Ledezma,01/01/2022,
031,JAL,Chimaltitán,01/01/2022,
031,MEX,Chimalhuacán,01/01/2022,
031,MIC,Epitacio Huerta,01/01/2022,
031,MOR,Zacatepec,01/01/2022,
031,NLE,Juárez,01/01/2022,
031,OAX,Tamazulápam del Espíritu Santo,01/01/2022,
031,PUE,Coatzingo,01/01/2022,
031,SLP,Santa Catarina,01/01/2022,
031,SON,Huachinera,01/01/2022,
031,TAM,Palmillas,01/01/2022,
031,TLA,Tetla de la Solidaridad,01/01/2022,
031,VER,Carrillo Puerto,01/01/2022,
031,YUC,Dzoncauich,01/01/2022,
031,ZAC,Monte Escobedo,01/01/2022,
032,COA,San Juan de Sabinas,01/01/2022,
032,CHH,Hidalgo del Parral,01/01/2022,
032,CHP,Escuintla,01/01/2022,
032,DUR,Santiago Papasquiaro,01/01/2022,
032,GRO,General Heliodoro Castillo,01/01/2022,
032,GUA,San José Iturbide,01/01/2022,
032,HID,Jaltocán,01/01/2022,
032,JAL,Chiquilistlán,01/01/2022,
032,MEX,Donato Guerra,01/01/2022,
032,MIC,Erongarícuaro,01/01/2022,
032,MOR,Zacualpan,01/01/2022,
032,NLE,Lampazos de Naranjo,01/01/2022,
032,OAX,Fresnillo de Trujano,01/01/2022,
032,PUE,Cohetzala,01/01/2022,
032,SLP,Santa María del Río,01/01/2022,
032,SON,Huásabas,01/01/2022,
032,TAM,Reynosa,01/01/2022,
032,TLA,Tetlatlahuca,01/01/2022,
032,VER,Catemaco,01/01/2022,
032,YUC,Espita,01/01/2022,
032,ZAC,Morelos,01/01/2022,
033,COA,San Pedro,01/01/2022,
033,CHH,Huejotitán,01/01/2022,
033,CHP,Francisco León,01/01/2022,
033,DUR,Súchil,01/01/2022,
033,GRO,Huamuxtitlán,01/01/2022,
033,GUA,San Luis de la Paz,01/01/2022,
033,HID,Juárez Hidalgo,01/01/2022,
033,JAL,Degollado,01/01/2022,
033,MEX,Ecatepec de Morelos,01/01/2022,
033,MIC,Gabriel Zamora,01/01/2022,
033,MOR,Temoac,01/01/2022,
033,NLE,Linares,01/01/2022,
033,OAX,Guadalupe Etla,01/01/2022,
033,PUE,Cohuecan,01/01/2022,
033,SLP,Santo Domingo,01/01/2022,
033,SON,Huatabampo,01/01/2022,
033,TAM,Río Bravo,01/01/2022,
033,TLA,Tlaxcala,01/01/2022,
033,VER,Cazones de Herrera,01/01/2022,
033,YUC,Halachó,01/01/2022,
033,ZAC,Moyahua de Estrada,01/01/2022,
034,COA,Sierra Mojada,01/01/2022,
034,CHH,Ignacio Zaragoza,01/01/2022,
034,CHP,Frontera Comalapa,01/01/2022,
034,DUR,Tamazula,01/01/2022,
034,GRO,Huitzuco de los Figueroa,01/01/2022,
034,GUA,Santa Catarina,01/01/2022,
034,HID,Lolotla,01/01/2022,
034,JAL,Ejutla,01/01/2022,
034,MEX,Ecatzingo,01/01/2022,
034,MIC,Hidalgo,01/01/2022,
034,NLE,Marín,01/01/2022,
034,OAX,Guadalupe de Ramírez,01/01/2022,
034,PUE,Coronango,01/01/2022,
034,SLP,San Vicente Tancuayalab,01/01/2022,
034,SON,Huépac,01/01/2022,
034,TAM,San Carlos,01/01/2022,
034,TLA,Tlaxco,01/01/2022,
034,VER,Cerro Azul,01/01/2022,
034,YUC,Hocabá,01/01/2022,
034,ZAC,Nochistlán de Mejía,01/01/2022,
035,COA,Torreón,01/01/2022,
035,CHH,Janos,01/01/2022,
035,CHP,Frontera Hidalgo,01/01/2022,
035,DUR,Tepehuanes,01/01/2022,
035,GRO,Iguala de la Independencia,01/01/2022,
035,GUA,Santa Cruz de Juventino Rosas,01/01/2022,
035,HID,Metepec,01/01/2022,
035,JAL,Encarnación de Díaz,01/01/2022,
035,MEX,Huehuetoca,01/01/2022,
035,MIC,La Huacana,01/01/2022,
035,NLE,Melchor Ocampo,01/01/2022,
035,OAX,Guelatao de Juárez,01/01/2022,
035,PUE,Coxcatlán,01/01/2022,
035,SLP,Soledad de Graciano Sánchez,01/01/2022,
035,SON,Imuris,01/01/2022,
035,TAM,San Fernando,01/01/2022,
035,TLA,Tocatlán,01/01/2022,
035,VER,Citlaltépetl,01/01/2022,
035,YUC,Hoctún,01/01/2022,
035,ZAC,Noria de Ángeles,01/01/2022,
036,COA,Viesca,01/01/2022,
036,CHH,Jiménez,01/01/2022,
036,CHP,La Grandeza,01/01/2022,
036,DUR,Tlahualilo,01/01/2022,
036,GRO,Igualapa,01/01/2022,
036,GUA,Santiago Maravatío,01/01/2022,
036,HID,San Agustín Metzquititlán,01/01/2022,
036,JAL,Etzatlán,01/01/2022,
036,MEX,Hueypoxtla,01/01/2022,
036,MIC,Huandacareo,01/01/2022,
036,NLE,Mier y Noriega,01/01/2022,
036,OAX,Guevea de Humboldt,01/01/2022,
036,PUE,Coyomeapan,01/01/2022,
036,SLP,Tamasopo,01/01/2022,
036,SON,Magdalena,01/01/2022,
036,TAM,San Nicolás,01/01/2022,
036,TLA,Totolac,01/01/2022,
036,VER,Coacoatzintla,01/01/2022,
036,YUC,Homún,01/01/2022,
036,ZAC,Ojocaliente,01/01/2022,
037,COA,Villa Unión,01/01/2022,
037,CHH,Juárez,01/01/2022,
037,CHP,Huehuetán,01/01/2022,
037,DUR,Topia,01/01/2022,
037,GRO,Ixcateopan de Cuauhtémoc,01/01/2022,
037,GUA,Silao de la Victoria,01/01/2022,
037,HID,Metztitlán,01/01/2022,
037,JAL,El Grullo,01/01/2022,
037,MEX,Huixquilucan,01/01/2022,
037,MIC,Huaniqueo,01/01/2022,
037,NLE,Mina,01/01/2022,
037,OAX,Mesones Hidalgo,01/01/2022,
037,PUE,Coyotepec,01/01/2022,
037,SLP,Tamazunchale,01/01/2022,
037,SON,Mazatán,01/01/2022,
037,TAM,Soto la Marina,01/01/2022,
037,TLA,Ziltlaltépec de Trinidad Sánchez Santos,01/01/2022,
037,VER,Coahuitlán,01/01/2022,
037,YUC,Huhí,01/01/2022,
037,ZAC,Pánuco,01/01/2022,
038,COA,Zaragoza,01/01/2022,
038,CHH,Julimes,01/01/2022,
038,CHP,Huixtán,01/01/2022,
038,DUR,Vicente Guerrero,01/01/2022,
038,GRO,Zihuatanejo de Azueta,01/01/2022,
038,GUA,Tarandacuao,01/01/2022,
038,HID,Mineral del Chico,01/01/2022,
038,JAL,Guachinango,01/01/2022,
038,MEX,Isidro Fabela,01/01/2022,
038,MIC,Huetamo,01/01/2022,
038,NLE,Montemorelos,01/01/2022,
038,OAX,Villa Hidalgo,01/01/2022,
038,PUE,Cuapiaxtla de Madero,01/01/2022,
038,SLP,Tampacán,01/01/2022,
038,SON,Moctezuma,01/01/2022,
038,TAM,Tampico,01/01/2022,
038,TLA,Tzompantepec,01/01/2022,
038,VER,Coatepec,01/01/2022,
038,YUC,Hunucmá,01/01/2022,
038,ZAC,Pinos,01/01/2022,
039,CHH,López,01/01/2022,
039,CHP,Huitiupán,01/01/2022,
039,DUR,Nuevo Ideal,01/01/2022,
039,GRO,Juan R. Escudero,01/01/2022,
039,GUA,Tarimoro,01/01/2022,
039,HID,Mineral del Monte,01/01/2022,
039,JAL,Guadalajara,01/01/2022,
039,MEX,Ixtapaluca,01/01/2022,
039,MIC,Huiramba,01/01/2022,
039,NLE,Monterrey,01/01/2022,
039,OAX,Heroica Ciudad de Huajuapan de León,01/01/2022,
039,PUE,Cuautempan,01/01/2022,
039,SLP,Tampamolón Corona,01/01/2022,
039,SON,Naco,01/01/2022,
039,TAM,Tula,01/01/2022,
039,TLA,Xaloztoc,01/01/2022,
039,VER,Coatzacoalcos,01/01/2022,
039,YUC,Ixil,01/01/2022,
039,ZAC,Río Grande,01/01/2022,
040,CHH,Madera,01/01/2022,
040,CHP,Huixtla,01/01/2022,
040,GRO,Leonardo Bravo,01/01/2022,
040,GUA,Tierra Blanca,01/01/2022,
040,HID,La Misión,01/01/2022,
040,JAL,Hostotipaquillo,01/01/2022,
040,MEX,Ixtapan de la Sal,01/01/2022,
040,MIC,Indaparapeo,01/01/2022,
040,NLE,Parás,01/01/2022,
040,OAX,Huautepec,01/01/2022,
040,PUE,Cuautinchán,01/01/2022,
040,SLP,Tamuín,01/01/2022,
040,SON,Nácori Chico,01/01/2022,
040,TAM,Valle Hermoso,01/01/2022,
040,TLA,Xaltocan,01/01/2022,
040,VER,Coatzintla,01/01/2022,
040,YUC,Izamal,01/01/2022,
040,ZAC,Sain Alto,01/01/2022,
041,CHH,Maguarichi,01/01/2022,
041,CHP,La Independencia,01/01/2022,
041,GRO,Malinaltepec,01/01/2022,
041,GUA,Uriangato,01/01/2022,
041,HID,Mixquiahuala de Juárez,01/01/2022,
041,JAL,Huejúcar,01/01/2022,
041,MEX,Ixtapan del Oro,01/01/2022,
041,MIC,Irimbo,01/01/2022,
041,NLE,Pesquería,01/01/2022,
041,OAX,Huautla de Jiménez,01/01/2022,
041,PUE,Cuautlancingo,01/01/2022,
041,SLP,Tanlajás,01/01/2022,
041,SON,Nacozari de García,01/01/2022,
041,TAM,Victoria,01/01/2022,
041,TLA,Papalotla de Xicohténcatl,01/01/2022,
041,VER,Coetzala,01/01/2022,
041,YUC,Kanasín,01/01/2022,
041,ZAC,El Salvador,01/01/2022,
042,CHH,Manuel Benavides,01/01/2022,
042,CHP,Ixhuatán,01/01/2022,
042,GRO,Mártir de Cuilapan,01/01/2022,
042,GUA,Valle de Santiago,01/01/2022,
042,HID,Molango de Escamilla,01/01/2022,
042,JAL,Huejuquilla el Alto,01/01/2022,
042,MEX,Ixtlahuaca,01/01/2022,
042,MIC,Ixtlán,01/01/2022,
042,NLE,Los Ramones,01/01/2022,
042,OAX,Ixtlán de Juárez,01/01/2022,
042,PUE,Cuayuca de Andrade,01/01/2022,
042,SLP,Tanquián de Escobedo,01/01/2022,
042,SON,Navojoa,01/01/2022,
042,TAM,Villagrán,01/01/2022,
042,TLA,Xicohtzinco,01/01/2022,
042,VER,Colipa,01/01/2022,
042,YUC,Kantunil,01/01/2022,
042,ZAC,Sombrerete,01/01/2022,
043,CHH,Matachí,01/01/2022,
043,CHP,Ixtacomitán,01/01/2022,
043,GRO,Metlatónoc,01/01/2022,
043,GUA,Victoria,01/01/2022,
043,HID,Nicolás Flores,01/01/2022,
043,JAL,La Huerta,01/01/2022,
043,MEX,Xalatlaco,01/01/2022,
043,MIC,Jacona,01/01/2022,
043,NLE,Rayones,01/01/2022,
043,OAX,Heroica Ciudad de Juchitán de Zaragoza,01/01/2022,
043,PUE,Cuetzalan del Progreso,01/01/2022,
043,SLP,Tierra Nueva,01/01/2022,
043,SON,Nogales,01/01/2022,
043,TAM,Xicoténcatl,01/01/2022,
043,TLA,Yauhquemehcan,01/01/2022,
043,VER,Comapa,01/01/2022,
043,YUC,Kaua,01/01/2022,
043,ZAC,Susticacán,01/01/2022,
044,CHH,Matamoros,01/01/2022,
044,CHP,Ixtapa,01/01/2022,
044,GRO,Mochitlán,01/01/2022,
044,GUA,Villagrán,01/01/2022,
044,HID,Nopala de Villagrán,01/01/2022,
044,JAL,Ixtlahuacán de los Membrillos,01/01/2022,
044,MEX,Jaltenco,01/01/2022,
044,MIC,Jiménez,01/01/2022,
044,NLE,Sabinas Hidalgo,01/01/2022,
044,OAX,Loma Bonita,01/01/2022,
044,PUE,Cuyoaco,01/01/2022,
044,SLP,Vanegas,01/01/2022,
044,SON,Onavas,01/01/2022,
044,TLA,Zacatelco,01/01/2022,
044,VER,Córdoba,01/01/2022,
044,YUC,Kinchil,01/01/2022,
044,ZAC,Tabasco,01/01/2022,
045,CHH,Meoqui,01/01/2022,
045,CHP,Ixtapangajoya,01/01/2022,
045,GRO,Olinalá,01/01/2022,
045,GUA,Xichú,01/01/2022,
045,HID,Omitlán de Juárez,01/01/2022,
045,JAL,Ixtlahuacán del Río,01/01/2022,
045,MEX,Jilotepec,01/01/2022,
045,MIC,Jiquilpan,01/01/2022,
045,NLE,Salinas Victoria,01/01/2022,
045,OAX,Magdalena Apasco,01/01/2022,
045,PUE,Chalchicomula de Sesma,01/01/2022,
045,SLP,Venado,01/01/2022,
045,SON,Opodepe,01/01/2022,
045,TLA,Benito Juárez,01/01/2022,
045,VER,Cosamaloapan de Carpio,01/01/2022,
045,YUC,Kopomá,01/01/2022,
045,ZAC,Tepechitlán,01/01/2022,
046,CHH,Morelos,01/01/2022,
046,CHP,Jiquipilas,01/01/2022,
046,GRO,Ometepec,01/01/2022,
046,GUA,Yuriria,01/01/2022,
046,HID,San Felipe Orizatlán,01/01/2022,
046,JAL,Jalostotitlán,01/01/2022,
046,MEX,Jilotzingo,01/01/2022,
046,MIC,Juárez,01/01/2022,
046,NLE,San Nicolás de los Garza,01/01/2022,
046,OAX,Magdalena Jaltepec,01/01/2022,
046,PUE,Chapulco,01/01/2022,
046,SLP,Villa de Arriaga,01/01/2022,
046,SON,Oquitoa,01/01/2022,
046,TLA,Emiliano Zapata,01/01/2022,
046,VER,Cosautlán de Carvajal,01/01/2022,
046,YUC,Mama,01/01/2022,
046,ZAC,Tepetongo,01/01/2022,
047,CHH,Moris,01/01/2022,
047,CHP,Jitotol,01/01/2022,
047,GRO,Pedro Ascencio Alquisiras,01/01/2022,
047,HID,Pacula,01/01/2022,
047,JAL,Jamay,01/01/2022,
047,MEX,Jiquipilco,01/01/2022,
047,MIC,Jungapeo,01/01/2022,
047,NLE,Hidalgo,01/01/2022,
047,OAX,Santa Magdalena Jicotlán,01/01/2022,
047,PUE,Chiautla,01/01/2022,
047,SLP,Villa de Guadalupe,01/01/2022,
047,SON,Pitiquito,01/01/2022,
047,TLA,Lázaro Cárdenas,01/01/2022,
047,VER,Coscomatepec,01/01/2022,
047,YUC,Maní,01/01/2022,
047,ZAC,Teúl de González Ortega,01/01/2022,
048,CHH,Namiquipa,01/01/2022,
048,CHP,Juárez,01/01/2022,
048,GRO,Petatlán,01/01/2022,
048,HID,Pachuca de Soto,01/01/2022,
048,JAL,Jesús María,01/01/2022,
048,MEX,Jocotitlán,01/01/2022,
048,MIC,Lagunillas,01/01/2022,
048,NLE,Santa Catarina,01/01/2022,
048,OAX,Magdalena Mixtepec,01/01/2022,
048,PUE,Chiautzingo,01/01/2022,
048,SLP,Villa de la Paz,01/01/2022,
048,SON,Puerto Peñasco,01/01/2022,
048,TLA,La Magdalena Tlaltelulco,01/01/2022,
048,VER,Cosoleacaque,01/01/2022,
048,YUC,Maxcanú,01/01/2022,
048,ZAC,Tlaltenango de Sánchez Román,01/01/2022,
049,CHH,Nonoava,01/01/2022,
049,CHP,Larráinzar,01/01/2022,
049,GRO,Pilcaya,01/01/2022,
049,HID,Pisaflores,01/01/2022,
049,JAL,Jilotlán de los Dolores,01/01/2022,
049,MEX,Joquicingo,01/01/2022,
049,MIC,Madero,01/01/2022,
049,NLE,Santiago,01/01/2022,
049,OAX,Magdalena Ocotlán,01/01/2022,
049,PUE,Chiconcuautla,01/01/2022,
049,SLP,Villa de Ramos,01/01/2022,
049,SON,Quiriego,01/01/2022,
049,TLA,San Damián Texóloc,01/01/2022,
049,VER,Cotaxtla,01/01/2022,
049,YUC,Mayapán,01/01/2022,
049,ZAC,Valparaíso,01/01/2022,
050,CHH,Nuevo Casas Grandes,01/01/2022,
050,CHP,La Libertad,01/01/2022,
050,GRO,Pungarabato,01/01/2022,
050,HID,Progreso de Obregón,01/01/2022,
050,JAL,Jocotepec,01/01/2022,
050,MEX,Juchitepec,01/01/2022,
050,MIC,Maravatío,01/01/2022,
050,NLE,Vallecillo,01/01/2022,
050,OAX,Magdalena Peñasco,01/01/2022,
050,PUE,Chichiquila,01/01/2022,
050,SLP,Villa de Reyes,01/01/2022,
050,SON,Rayón,01/01/2022,
050,TLA,San Francisco Tetlanohcan,01/01/2022,
050,VER,Coxquihui,01/01/2022,
050,YUC,Mérida,01/01/2022,
050,ZAC,Vetagrande,01/01/2022,
051,CHH,Ocampo,01/01/2022,
051,CHP,Mapastepec,01/01/2022,
051,GRO,Quechultenango,01/01/2022,
051,HID,Mineral de la Reforma,01/01/2022,
051,JAL,Juanacatlán,01/01/2022,
051,MEX,Lerma,01/01/2022,
051,MIC,Marcos Castellanos,01/01/2022,
051,NLE,Villaldama,01/01/2022,
051,OAX,Magdalena Teitipac,01/01/2022,
051,PUE,Chietla,01/01/2022,
051,SLP,Villa Hidalgo,01/01/2022,
051,SON,Rosario,01/01/2022,
051,TLA,San Jerónimo Zacualpan,01/01/2022,
051,VER,Coyutla,01/01/2022,
051,YUC,Mocochá,01/01/2022,
051,ZAC,Villa de Cos,01/01/2022,
052,CHH,Ojinaga,01/01/2022,
052,CHP,Las Margaritas,01/01/2022,
052,GRO,San Luis Acatlán,01/01/2022,
052,HID,San Agustín Tlaxiaca,01/01/2022,
052,JAL,Juchitlán,01/01/2022,
052,MEX,Malinalco,01/01/2022,
052,MIC,Lázaro Cárdenas,01/01/2022,
052,OAX,Magdalena Tequisistlán,01/01/2022,
052,PUE,Chigmecatitlán,01/01/2022,
052,SLP,Villa Juárez,01/01/2022,
052,SON,Sahuaripa,01/01/2022,
052,TLA,San José Teacalco,01/01/2022,
052,VER,Cuichapa,01/01/2022,
052,YUC,Motul,01/01/2022,
052,ZAC,Villa García,01/01/2022,
053,CHH,Praxedis G. Guerrero,01/01/2022,
053,CHP,Mazapa de Madero,01/01/2022,
053,GRO,San Marcos,01/01/2022,
053,HID,San Bartolo Tutotepec,01/01/2022,
053,JAL,Lagos de Moreno,01/01/2022,
053,MEX,Melchor Ocampo,01/01/2022,
053,MIC,Morelia,01/01/2022,
053,OAX,Magdalena Tlacotepec,01/01/2022,
053,PUE,Chignahuapan,01/01/2022,
053,SLP,Axtla de Terrazas,01/01/2022,
053,SON,San Felipe de Jesús,01/01/2022,
053,TLA,San Juan Huactzinco,01/01/2022,
053,VER,Cuitláhuac,01/01/2022,
053,YUC,Muna,01/01/2022,
053,ZAC,Villa González Ortega,01/01/2022,
054,CHH,Riva Palacio,01/01/2022,
054,CHP,Mazatán,01/01/2022,
054,GRO,San Miguel Totolapan,01/01/2022,
054,HID,San Salvador,01/01/2022,
054,JAL,El Limón,01/01/2022,
054,MEX,Metepec,01/01/2022,
054,MIC,Morelos,01/01/2022,
054,OAX,Magdalena Zahuatlán,01/01/2022,
054,PUE,Chignautla,01/01/2022,
054,SLP,Xilitla,01/01/2022,
054,SON,San Javier,01/01/2022,
054,TLA,San Lorenzo Axocomanitla,01/01/2022,
054,VER,Chacaltianguis,01/01/2022,
054,YUC,Muxupip,01/01/2022,
054,ZAC,Villa Hidalgo,01/01/2022,
055,CHH,Rosales,01/01/2022,
055,CHP,Metapa,01/01/2022,
055,GRO,Taxco de Alarcón,01/01/2022,
055,HID,Santiago de Anaya,01/01/2022,
055,JAL,Magdalena,01/01/2022,
055,MEX,Mexicaltzingo,01/01/2022,
055,MIC,Múgica,01/01/2022,
055,OAX,Mariscala de Juárez,01/01/2022,
055,PUE,Chila,01/01/2022,
055,SLP,Zaragoza,01/01/2022,
055,SON,San Luis Río Colorado,01/01/2022,
055,TLA,San Lucas Tecopilco,01/01/2022,
055,VER,Chalma,01/01/2022,
055,YUC,Opichén,01/01/2022,
055,ZAC,Villanueva,01/01/2022,
056,CHH,Rosario,01/01/2022,
056,CHP,Mitontic,01/01/2022,
056,GRO,Tecoanapa,01/01/2022,
056,HID,Santiago Tulantepec de Lugo Guerrero,01/01/2022,
056,JAL,Santa María del Oro,01/01/2022,
056,MEX,Morelos,01/01/2022,
056,MIC,Nahuatzen,01/01/2022,
056,OAX,Mártires de Tacubaya,01/01/2022,
056,PUE,Chila de la Sal,01/01/2022,
056,SLP,Villa de Arista,01/01/2022,
056,SON,San Miguel de Horcasitas,01/01/2022,
056,TLA,Santa Ana Nopalucan,01/01/2022,
056,VER,Chiconamel,01/01/2022,
056,YUC,Oxkutzcab,01/01/2022,
056,ZAC,Zacatecas,01/01/2022,
057,CHH,San Francisco de Borja,01/01/2022,
057,CHP,Motozintla,01/01/2022,
057,GRO,Técpan de Galeana,01/01/2022,
057,HID,Singuilucan,01/01/2022,
057,JAL,La Manzanilla de la Paz,01/01/2022,
057,MEX,Naucalpan de Juárez,01/01/2022,
057,MIC,Nocupétaro,01/01/2022,
057,OAX,Matías Romero Avendaño,01/01/2022,
057,PUE,Honey,01/01/2022,
057,SLP,Matlapa,01/01/2022,
057,SON,San Pedro de la Cueva,01/01/2022,
057,TLA,Santa Apolonia Teacalco,01/01/2022,
057,VER,Chiconquiaco,01/01/2022,
057,YUC,Panabá,01/01/2022,
057,ZAC,Trancoso,01/01/2022,
058,CHH,San Francisco de Conchos,01/01/2022,
058,CHP,Nicolás Ruíz,01/01/2022,
058,GRO,Teloloapan,01/01/2022,
058,HID,Tasquillo,01/01/2022,
058,JAL,Mascota,01/01/2022,
058,MEX,Nezahualcóyotl,01/01/2022,
058,MIC,Nuevo Parangaricutiro,01/01/2022,
058,OAX,Mazatlán Villa de Flores,01/01/2022,
058,PUE,Chilchotla,01/01/2022,
058,SLP,El Naranjo,01/01/2022,
058,SON,Santa Ana,01/01/2022,
058,TLA,Santa Catarina Ayometla,01/01/2022,
058,VER,Chicontepec,01/01/2022,
058,YUC,Peto,01/01/2022,
058,ZAC,Santa María de la Paz,01/01/2022,
059,CHH,San Francisco del Oro,01/01/2022,
059,CHP,Ocosingo,01/01/2022,
059,GRO,Tepecoacuilco de Trujano,01/01/2022,
059,HID,Tecozautla,01/01/2022,
059,JAL,Mazamitla,01/01/2022,
059,MEX,Nextlalpan,01/01/2022,
059,MIC,Nuevo Urecho,01/01/2022,
059,OAX,Miahuatlán de Porfirio Díaz,01/01/2022,
059,PUE,Chinantla,01/01/2022,
059,SON,Santa Cruz,01/01/2022,
059,TLA,Santa Cruz Quilehtla,01/01/2022,
059,VER,Chinameca,01/01/2022,
059,YUC,Progreso,01/01/2022,
060,CHH,Santa Bárbara,01/01/2022,
060,CHP,Ocotepec,01/01/2022,
060,GRO,Tetipac,01/01/2022,
060,HID,Tenango de Doria,01/01/2022,
060,JAL,Mexticacán,01/01/2022,
060,MEX,Nicolás Romero,01/01/2022,
060,MIC,Numarán,01/01/2022,
060,OAX,Mixistlán de la Reforma,01/01/2022,
060,PUE,Domingo Arenas,01/01/2022,
060,SON,Sáric,01/01/2022,
060,TLA,Santa Isabel Xiloxoxtla,01/01/2022,
060,VER,Chinampa de Gorostiza,01/01/2022,
060,YUC,Quintana Roo,01/01/2022,
061,CHH,Satevó,01/01/2022,
061,CHP,Ocozocoautla de Espinosa,01/01/2022,
061,GRO,Tixtla de Guerrero,01/01/2022,
061,HID,Tepeapulco,01/01/2022,
061,JAL,Mezquitic,01/01/2022,
061,MEX,Nopaltepec,01/01/2022,
061,MIC,Ocampo,01/01/2022,
061,OAX,Monjas,01/01/2022,
061,PUE,Eloxochitlán,01/01/2022,
061,SON,Soyopa,01/01/2022,
061,VER,Las Choapas,01/01/2022,
061,YUC,Río Lagartos,01/01/2022,
062,CHH,Saucillo,01/01/2022,
062,CHP,Ostuacán,01/01/2022,
062,GRO,Tlacoachistlahuaca,01/01/2022,
062,HID,Tepehuacán de Guerrero,01/01/2022,
062,JAL,Mixtlán,01/01/2022,
062,MEX,Ocoyoacac,01/01/2022,
062,MIC,Pajacuarán,01/01/2022,
062,OAX,Natividad,01/01/2022,
062,PUE,Epatlán,01/01/2022,
062,SON,Suaqui Grande,01/01/2022,
062,VER,Chocamán,01/01/2022,
062,YUC,Sacalum,01/01/2022,
063,CHH,Temósachic,01/01/2022,
063,CHP,Osumacinta,01/01/2022,
063,GRO,Tlacoapa,01/01/2022,
063,HID,Tepeji del Río de Ocampo,01/01/2022,
063,JAL,Ocotlán,01/01/2022,
063,MEX,Ocuilan,01/01/2022,
063,MIC,Panindícuaro,01/01/2022,
063,OAX,Nazareno Etla,01/01/2022,
063,PUE,Esperanza,01/01/2022,
063,SON,Tepache,01/01/2022,
063,VER,Chontla,01/01/2022,
063,YUC,Samahil,01/01/2022,
064,CHH,El Tule,01/01/2022,
064,CHP,Oxchuc,01/01/2022,
064,GRO,Tlalchapa,01/01/2022,
064,HID,Tepetitlán,01/01/2022,
064,JAL,Ojuelos de Jalisco,01/01/2022,
064,MEX,El Oro,01/01/2022,
064,MIC,Parácuaro,01/01/2022,
064,OAX,Nejapa de Madero,01/01/2022,
064,PUE,Francisco Z. Mena,01/01/2022,
064,SON,Trincheras,01/01/2022,
064,VER,Chumatlán,01/01/2022,
064,YUC,Sanahcat,01/01/2022,
065,CHH,Urique,01/01/2022,
065,CHP,Palenque,01/01/2022,
065,GRO,Tlalixtaquilla de Maldonado,01/01/2022,
065,HID,Tetepango,01/01/2022,
065,JAL,Pihuamo,01/01/2022,
065,MEX,Otumba,01/01/2022,
065,MIC,Paracho,01/01/2022,
065,OAX,Ixpantepec Nieves,01/01/2022,
065,PUE,General Felipe Ángeles,01/01/2022,
065,SON,Tubutama,01/01/2022,
065,VER,Emiliano Zapata,01/01/2022,
065,YUC,San Felipe,01/01/2022,
066,CHH,Uruachi,01/01/2022,
066,CHP,Pantelhó,01/01/2022,
066,GRO,Tlapa de Comonfort,01/01/2022,
066,HID,Villa de Tezontepec,01/01/2022,
066,JAL,Poncitlán,01/01/2022,
066,MEX,Otzoloapan,01/01/2022,
066,MIC,Pátzcuaro,01/01/2022,
066,OAX,Santiago Niltepec,01/01/2022,
066,PUE,Guadalupe,01/01/2022,
066,SON,Ures,01/01/2022,
066,VER,Espinal,01/01/2022,
066,YUC,Santa Elena,01/01/2022,
067,CHH,Valle de Zaragoza,01/01/2022,
067,CHP,Pantepec,01/01/2022,
067,GRO,Tlapehuala,01/01/2022,
067,HID,Tezontepec de Aldama,01/01/2022,
067,JAL,Puerto Vallarta,01/01/2022,
067,MEX,Otzolotepec,01/01/2022,
067,MIC,Penjamillo,01/01/2022,
067,OAX,Oaxaca de Juárez,01/01/2022,
067,PUE,Guadalupe Victoria,01/01/2022,
067,SON,Villa Hidalgo,01/01/2022,
067,VER,Filomeno Mata,01/01/2022,
067,YUC,Seyé,01/01/2022,
068,CHP,Pichucalco,01/01/2022,
068,GRO,La Unión de Isidoro Montes de Oca,01/01/2022,
068,HID,Tianguistengo,01/01/2022,
068,JAL,Villa Purificación,01/01/2022,
068,MEX,Ozumba,01/01/2022,
068,MIC,Peribán,01/01/2022,
068,OAX,Ocotlán de Morelos,01/01/2022,
068,PUE,Hermenegildo Galeana,01/01/2022,
068,SON,Villa Pesqueira,01/01/2022,
068,VER,Fortín,01/01/2022,
068,YUC,Sinanché,01/01/2022,
069,CHP,Pijijiapan,01/01/2022,
069,GRO,Xalpatláhuac,01/01/2022,
069,HID,Tizayuca,01/01/2022,
069,JAL,Quitupan,01/01/2022,
069,MEX,Papalotla,01/01/2022,
069,MIC,La Piedad,01/01/2022,
069,OAX,La Pe,01/01/2022,
069,PUE,Huaquechula,01/01/2022,
069,SON,Yécora,01/01/2022,
069,VER,Gutiérrez Zamora,01/01/2022,
069,YUC,Sotuta,01/01/2022,
070,CHP,El Porvenir,01/01/2022,
070,GRO,Xochihuehuetlán,01/01/2022,
070,HID,Tlahuelilpan,01/01/2022,
070,JAL,El Salto,01/01/2022,
070,MEX,La Paz,01/01/2022,
070,MIC,Purépero,01/01/2022,
070,OAX,Pinotepa de Don Luis,01/01/2022,
070,PUE,Huatlatlauca,01/01/2022,
070,SON,General Plutarco Elías Calles,01/01/2022,
070,VER,Hidalgotitlán,01/01/2022,
070,YUC,Sucilá,01/01/2022,
071,CHP,Villa Comaltitlán,01/01/2022,
071,GRO,Xochistlahuaca,01/01/2022,
071,HID,Tlahuiltepa,01/01/2022,
071,JAL,San Cristóbal de la Barranca,01/01/2022,
071,MEX,Polotitlán,01/01/2022,
071,MIC,Puruándiro,01/01/2022,
071,OAX,Pluma Hidalgo,01/01/2022,
071,PUE,Huauchinango,01/01/2022,
071,SON,Benito Juárez,01/01/2022,
071,VER,Huatusco,01/01/2022,
071,YUC,Sudzal,01/01/2022,
072,CHP,Pueblo Nuevo Solistahuacán,01/01/2022,
072,GRO,Zapotitlán Tablas,01/01/2022,
072,HID,Tlanalapa,01/01/2022,
072,JAL,San Diego de Alejandría,01/01/2022,
072,MEX,Rayón,01/01/2022,
072,MIC,Queréndaro,01/01/2022,
072,OAX,San José del Progreso,01/01/2022,
072,PUE,Huehuetla,01/01/2022,
072,SON,San Ignacio Río Muerto,01/01/2022,
072,VER,Huayacocotla,01/01/2022,
072,YUC,Suma,01/01/2022,
073,CHP,Rayón,01/01/2022,
073,GRO,Zirándaro,01/01/2022,
073,HID,Tlanchinol,01/01/2022,
073,JAL,San Juan de los Lagos,01/01/2022,
073,MEX,San Antonio la Isla,01/01/2022,
073,MIC,Quiroga,01/01/2022,
073,OAX,Putla Villa de Guerrero,01/01/2022,
073,PUE,Huehuetlán el Chico,01/01/2022,
073,VER,Hueyapan de Ocampo,01/01/2022,
073,YUC,Tahdziú,01/01/2022,
074,CHP,Reforma,01/01/2022,
074,GRO,Zitlala,01/01/2022,
074,HID,Tlaxcoapan,01/01/2022,
074,JAL,San Julián,01/01/2022,
074,MEX,San Felipe del Progreso,01/01/2022,
074,MIC,Cojumatlán de Régules,01/01/2022,
074,OAX,Santa Catarina Quioquitani,01/01/2022,
074,PUE,Huejotzingo,01/01/2022,
074,VER,Huiloapan de Cuauhtémoc,01/01/2022,
074,YUC,Tahmek,01/01/2022,
075,CHP,Las Rosas,01/01/2022,
075,GRO,Eduardo Neri,01/01/2022,
075,HID,Tolcayuca,01/01/2022,
075,JAL,San Marcos,01/01/2022,
075,MEX,San Martín de las Pirámides,01/01/2022,
075,MIC,Los Reyes,01/01/2022,
075,OAX,Reforma de Pineda,01/01/2022,
075,PUE,Hueyapan,01/01/2022,
075,VER,Ignacio de la Llave,01/01/2022,
075,YUC,Teabo,01/01/2022,
076,CHP,Sabanilla,01/01/2022,
076,GRO,Acatepec,01/01/2022,
076,HID,Tula de Allende,01/01/2022,
076,JAL,San Martín de Bolaños,01/01/2022,
076,MEX,San Mateo Atenco,01/01/2022,
076,MIC,Sahuayo,01/01/2022,
076,OAX,La Reforma,01/01/2022,
076,PUE,Hueytamalco,01/01/2022,
076,VER,Ilamatlán,01/01/2022,
076,YUC,Tecoh,01/01/2022,
077,CHP,Salto de Agua,01/01/2022,
077,GRO,Marquelia,01/01/2022,
077,HID,Tulancingo de Bravo,01/01/2022,
077,JAL,San Martín Hidalgo,01/01/2022,
077,MEX,San Simón de Guerrero,01/01/2022,
077,MIC,San Lucas,01/01/2022,
077,OAX,Reyes Etla,01/01/2022,
077,PUE,Hueytlalpan,01/01/2022,
077,VER,Isla,01/01/2022,
077,YUC,Tekal de Venegas,01/01/2022,
078,CHP,San Cristóbal de las Casas,01/01/2022,
078,GRO,Cochoapa el Grande,01/01/2022,
078,HID,Xochiatipan,01/01/2022,
078,JAL,San Miguel el Alto,01/01/2022,
078,MEX,Santo Tomás,01/01/2022,
078,MIC,Santa Ana Maya,01/01/2022,
078,OAX,Rojas de Cuauhtémoc,01/01/2022,
078,PUE,Huitzilan de Serdán,01/01/2022,
078,VER,Ixcatepec,01/01/2022,
078,YUC,Tekantó,01/01/2022,
079,CHP,San Fernando,01/01/2022,
079,GRO,José Joaquín de Herrera,01/01/2022,
079,HID,Xochicoatlán,01/01/2022,
079,JAL,Gómez Farías,01/01/2022,
079,MEX,Soyaniquilpan de Juárez,01/01/2022,
079,MIC,Salvador Escalante,01/01/2022,
079,OAX,Salina Cruz,01/01/2022,
079,PUE,Huitziltepec,01/01/2022,
079,VER,Ixhuacán de los Reyes,01/01/2022,
079,YUC,Tekax,01/01/2022,
080,CHP,Siltepec,01/01/2022,
080,GRO,Juchitán,01/01/2022,
080,HID,Yahualica,01/01/2022,
080,JAL,San Sebastián del Oeste,01/01/2022,
080,MEX,Sultepec,01/01/2022,
080,MIC,Senguio,01/01/2022,
080,OAX,San Agustín Amatengo,01/01/2022,
080,PUE,Atlequizayan,01/01/2022,
080,VER,Ixhuatlán del Café,01/01/2022,
080,YUC,Tekit,01/01/2022,
081,CHP,Simojovel,01/01/2022,
081,GRO,Iliatenco,01/01/2022,
081,HID,Zacualtipán de Ángeles,01/01/2022,
081,JAL,Santa María de los Ángeles,01/01/2022,
081,MEX,Tecámac,01/01/2022,
081,MIC,Susupuato,01/01/2022,
081,OAX,San Agustín Atenango,01/01/2022,
081,PUE,Ixcamilpa de Guerrero,01/01/2022,
081,VER,Ixhuatlancillo,01/01/2022,
081,YUC,Tekom,01/01/2022,
082,CHP,Sitalá,01/01/2022,
082,HID,Zapotlán de Juárez,01/01/2022,
082,JAL,Sayula,01/01/2022,
082,MEX,Tejupilco,01/01/2022,
082,MIC,Tacámbaro,01/01/2022,
082,OAX,San Agustín Chayuco,01/01/2022,
082,PUE,Ixcaquixtla,01/01/2022,
082,VER,Ixhuatlán del Sureste,01/01/2022,
082,YUC,Telchac Pueblo,01/01/2022,
083,CHP,Socoltenango,01/01/2022,
083,HID,Zempoala,01/01/2022,
083,JAL,Tala,01/01/2022,
083,MEX,Temamatla,01/01/2022,
083,MIC,Tancítaro,01/01/2022,
083,OAX,San Agustín de las Juntas,01/01/2022,
083,PUE,Ixtacamaxtitlán,01/01/2022,
083,VER,Ixhuatlán de Madero,01/01/2022,
083,YUC,Telchac Puerto,01/01/2022,
084,CHP,Solosuchiapa,01/01/2022,
084,HID,Zimapán,01/01/2022,
084,JAL,Talpa de Allende,01/01/2022,
084,MEX,Temascalapa,01/01/2022,
084,MIC,Tangamandapio,01/01/2022,
084,OAX,San Agustín Etla,01/01/2022,
084,PUE,Ixtepec,01/01/2022,
084,VER,Ixmatlahuacan,01/01/2022,
084,YUC,Temax,01/01/2022,
085,CHP,Soyaló,01/01/2022,
085,JAL,Tamazula de Gordiano,01/01/2022,
085,MEX,Temascalcingo,01/01/2022,
085,MIC,Tangancícuaro,01/01/2022,
085,OAX,San Agustín Loxicha,01/01/2022,
085,PUE,Izúcar de Matamoros,01/01/2022,
085,VER,Ixtaczoquitlán,01/01/2022,
085,YUC,Temozón,01/01/2022,
086,CHP,Suchiapa,01/01/2022,
086,JAL,Tapalpa,01/01/2022,
086,MEX,Temascaltepec,01/01/2022,
086,MIC,Tanhuato,01/01/2022,
086,OAX,San Agustín Tlacotepec,01/01/2022,
086,PUE,Jalpan,01/01/2022,
086,VER,Jalacingo,01/01/2022,
086,YUC,Tepakán,01/01/2022,
087,CHP,Suchiate,01/01/2022,
087,JAL,Tecalitlán,01/01/2022,
087,MEX,Temoaya,01/01/2022,
087,MIC,Taretan,01/01/2022,
087,OAX,San Agustín Yatareni,01/01/2022,
087,PUE,Jolalpan,01/01/2022,
087,VER,Xalapa,01/01/2022,
087,YUC,Tetiz,01/01/2022,
088,CHP,Sunuapa,01/01/2022,
088,JAL,Tecolotlán,01/01/2022,
088,MEX,Tenancingo,01/01/2022,
088,MIC,Tarímbaro,01/01/2022,
088,OAX,San Andrés Cabecera Nueva,01/01/2022,
088,PUE,Jonotla,01/01/2022,
088,VER,Jalcomulco,01/01/2022,
088,YUC,Teya,01/01/2022,
089,CHP,Tapachula,01/01/2022,
089,JAL,Techaluta de Montenegro,01/01/2022,
089,MEX,Tenango del Aire,01/01/2022,
089,MIC,Tepalcatepec,01/01/2022,
089,OAX,San Andrés Dinicuiti,01/01/2022,
089,PUE,Jopala,01/01/2022,
089,VER,Jáltipan,01/01/2022,
089,YUC,Ticul,01/01/2022,
090,CHP,Tapalapa,01/01/2022,
090,JAL,Tenamaxtlán,01/01/2022,
090,MEX,Tenango del Valle,01/01/2022,
090,MIC,Tingambato,01/01/2022,
090,OAX,San Andrés Huaxpaltepec,01/01/2022,
090,PUE,Juan C. Bonilla,01/01/2022,
090,VER,Jamapa,01/01/2022,
090,YUC,Timucuy,01/01/2022,
091,CHP,Tapilula,01/01/2022,
091,JAL,Teocaltiche,01/01/2022,
091,MEX,Teoloyucan,01/01/2022,
091,MIC,Tingüindín,01/01/2022,
091,OAX,San Andrés Huayápam,01/01/2022,
091,PUE,Juan Galindo,01/01/2022,
091,VER,Jesús Carranza,01/01/2022,
091,YUC,Tinum,01/01/2022,
092,CHP,Tecpatán,01/01/2022,
092,JAL,Teocuitatlán de Corona,01/01/2022,
092,MEX,Teotihuacán,01/01/2022,
092,MIC,Tiquicheo de Nicolás Romero,01/01/2022,
092,OAX,San Andrés Ixtlahuaca,01/01/2022,
092,PUE,Juan N. Méndez,01/01/2022,
092,VER,Xico,01/01/2022,
092,YUC,Tixcacalcupul,01/01/2022,
093,CHP,Tenejapa,01/01/2022,
093,JAL,Tepatitlán de Morelos,01/01/2022,
093,MEX,Tepetlaoxtoc,01/01/2022,
093,MIC,Tlalpujahua,01/01/2022,
093,OAX,San Andrés Lagunas,01/01/2022,
093,PUE,Lafragua,01/01/2022,
093,VER,Jilotepec,01/01/2022,
093,YUC,Tixkokob,01/01/2022,
094,CHP,Teopisca,01/01/2022,
094,JAL,Tequila,01/01/2022,
094,MEX,Tepetlixpa,01/01/2022,
094,MIC,Tlazazalca,01/01/2022,
094,OAX,San Andrés Nuxiño,01/01/2022,
094,PUE,Libres,01/01/2022,
094,VER,Juan Rodríguez Clara,01/01/2022,
094,YUC,Tixmehuac,01/01/2022,
095,JAL,Teuchitlán,01/01/2022,
095,MEX,Tepotzotlán,01/01/2022,
095,MIC,Tocumbo,01/01/2022,
095,OAX,San Andrés Paxtlán,01/01/2022,
095,PUE,La Magdalena Tlatlauquitepec,01/01/2022,
095,VER,Juchique de Ferrer,01/01/2022,
095,YUC,Tixpéhual,01/01/2022,
096,CHP,Tila,01/01/2022,
096,JAL,Tizapán el Alto,01/01/2022,
096,MEX,Tequixquiac,01/01/2022,
096,MIC,Tumbiscatío,01/01/2022,
096,OAX,San Andrés Sinaxtla,01/01/2022,
096,PUE,Mazapiltepec de Juárez,01/01/2022,
096,VER,Landero y Coss,01/01/2022,
096,YUC,Tizimín,01/01/2022,
097,CHP,Tonalá,01/01/2022,
097,JAL,Tlajomulco de Zúñiga,01/01/2022,
097,MEX,Texcaltitlán,01/01/2022,
097,MIC,Turicato,01/01/2022,
097,OAX,San Andrés Solaga,01/01/2022,
097,PUE,Mixtla,01/01/2022,
097,VER,Lerdo de Tejada,01/01/2022,
097,YUC,Tunkás,01/01/2022,
098,CHP,Totolapa,01/01/2022,
098,JAL,San Pedro Tlaquepaque,01/01/2022,
098,MEX,Texcalyacac,01/01/2022,
098,MIC,Tuxpan,01/01/2022,
098,OAX,San Andrés Teotilálpam,01/01/2022,
098,PUE,Molcaxac,01/01/2022,
098,VER,Magdalena,01/01/2022,
098,YUC,Tzucacab,01/01/2022,
099,CHP,La Trinitaria,01/01/2022,
099,JAL,Tolimán,01/01/2022,
099,MEX,Texcoco,01/01/2022,
099,MIC,Tuzantla,01/01/2022,
099,OAX,San Andrés Tepetlapa,01/01/2022,
099,PUE,Cañada Morelos,01/01/2022,
099,VER,Maltrata,01/01/2022,
099,YUC,Uayma,01/01/2022,
100,CHP,Tumbalá,01/01/2022,
100,JAL,Tomatlán,01/01/2022,
100,MEX,Tezoyuca,01/01/2022,
100,MIC,Tzintzuntzan,01/01/2022,
100,OAX,San Andrés Yaá,01/01/2022,
100,PUE,Naupan,01/01/2022,
100,VER,Manlio Fabio Altamirano,01/01/2022,
100,YUC,Ucú,01/01/2022,
101,CHP,Tuxtla Gutiérrez,01/01/2022,
101,JAL,Tonalá,01/01/2022,
101,MEX,Tianguistenco,01/01/2022,
101,MIC,Tzitzio,01/01/2022,
101,OAX,San Andrés Zabache,01/01/2022,
101,PUE,Nauzontla,01/01/2022,
101,VER,Mariano Escobedo,01/01/2022,
101,YUC,Umán,01/01/2022,
102,CHP,Tuxtla Chico,01/01/2022,
102,JAL,Tonaya,01/01/2022,
102,MEX,Timilpan,01/01/2022,
102,MIC,Uruapan,01/01/2022,
102,OAX,San Andrés Zautla,01/01/2022,
102,PUE,Nealtican,01/01/2022,
102,VER,Martínez de la Torre,01/01/2022,
102,YUC,Valladolid,01/01/2022,
103,CHP,Tuzantán,01/01/2022,
103,JAL,Tonila,01/01/2022,
103,MEX,Tlalmanalco,01/01/2022,
103,MIC,Venustiano Carranza,01/01/2022,
103,OAX,San Antonino Castillo Velasco,01/01/2022,
103,PUE,Nicolás Bravo,01/01/2022,
103,VER,Mecatlán,01/01/2022,
103,YUC,Xocchel,01/01/2022,
104,CHP,Tzimol,01/01/2022,
104,JAL,Totatiche,01/01/2022,
104,MEX,Tlalnepantla de Baz,01/01/2022,
104,MIC,Villamar,01/01/2022,
104,OAX,San Antonino el Alto,01/01/2022,
104,PUE,Nopalucan,01/01/2022,
104,VER,Mecayapan,01/01/2022,
104,YUC,Yaxcabá,01/01/2022,
105,CHP,Unión Juárez,01/01/2022,
105,JAL,Tototlán,01/01/2022,
105,MEX,Tlatlaya,01/01/2022,
105,MIC,Vista Hermosa,01/01/2022,
105,OAX,San Antonino Monte Verde,01/01/2022,
105,PUE,Ocotepec,01/01/2022,
105,VER,Medellín,01/01/2022,
105,YUC,Yaxkukul,01/01/2022,
106,CHP,Venustiano Carranza,01/01/2022,
106,JAL,Tuxcacuesco,01/01/2022,
106,MEX,Toluca,01/01/2022,
106,MIC,Yurécuaro,01/01/2022,
106,OAX,San Antonio Acutla,01/01/2022,
106,PUE,Ocoyucan,01/01/2022,
106,VER,Miahuatlán,01/01/2022,
106,YUC,Yobaín,01/01/2022,
107,CHP,Villa Corzo,01/01/2022,
107,JAL,Tuxcueca,01/01/2022,
107,MEX,Tonatico,01/01/2022,
107,MIC,Zacapu,01/01/2022,
107,OAX,San Antonio de la Cal,01/01/2022,
107,PUE,Olintla,01/01/2022,
107,VER,Las Minas,01/01/2022,
108,CHP,Villaflores,01/01/2022,
108,JAL,Tuxpan,01/01/2022,
108,MEX,Tultepec,01/01/2022,
108,MIC,Zamora,01/01/2022,
108,OAX,San Antonio Huitepec,01/01/2022,
108,PUE,Oriental,01/01/2022,
108,VER,Minatitlán,01/01/2022,
109,CHP,Yajalón,01/01/2022,
109,JAL,Unión de San Antonio,01/01/2022,
109,MEX,Tultitlán,01/01/2022,
109,MIC,Zináparo,01/01/2022,
109,OAX,San Antonio Nanahuatípam,01/01/2022,
109,PUE,Pahuatlán,01/01/2022,
109,VER,Misantla,01/01/2022,
110,CHP,San Lucas,01/01/2022,
110,JAL,Unión de Tula,01/01/2022,
110,MEX,Valle de Bravo,01/01/2022,
110,MIC,Zinapécuaro,01/01/2022,
110,OAX,San Antonio Sinicahua,01/01/2022,
110,PUE,Palmar de Bravo,01/01/2022,
110,VER,Mixtla de Altamirano,01/01/2022,
111,CHP,Zinacantán,01/01/2022,
111,JAL,Valle de Guadalupe,01/01/2022,
111,MEX,Villa de Allende,01/01/2022,
111,MIC,Ziracuaretiro,01/01/2022,
111,OAX,San Antonio Tepetlapa,01/01/2022,
111,PUE,Pantepec,01/01/2022,
111,VER,Moloacán,01/01/2022,
112,CHP,San Juan Cancuc,01/01/2022,
112,JAL,Valle de Juárez,01/01/2022,
112,MEX,Villa del Carbón,01/01/2022,
112,MIC,Zitácuaro,01/01/2022,
112,OAX,San Baltazar Chichicápam,01/01/2022,
112,PUE,Petlalcingo,01/01/2022,
112,VER,Naolinco,01/01/2022,
113,CHP,Aldama,01/01/2022,
113,JAL,San Gabriel,01/01/2022,
113,MEX,Villa Guerrero,01/01/2022,
113,MIC,José Sixto Verduzco,01/01/2022,
113,OAX,San Baltazar Loxicha,01/01/2022,
113,PUE,Piaxtla,01/01/2022,
113,VER,Naranjal,01/01/2022,
114,CHP,Benemérito de las Américas,01/01/2022,
114,JAL,Villa Corona,01/01/2022,
114,MEX,Villa Victoria,01/01/2022,
114,OAX,San Baltazar Yatzachi el Bajo,01/01/2022,
114,PUE,Puebla,01/01/2022,
114,VER,Nautla,01/01/2022,
115,CHP,Maravilla Tenejapa,01/01/2022,
115,JAL,Villa Guerrero,01/01/2022,
115,MEX,Xonacatlán,01/01/2022,
115,OAX,San Bartolo Coyotepec,01/01/2022,
115,PUE,Quecholac,01/01/2022,
115,VER,Nogales,01/01/2022,
116,CHP,Marqués de Comillas,01/01/2022,
116,JAL,Villa Hidalgo,01/01/2022,
116,MEX,Zacazonapan,01/01/2022,
116,OAX,San Bartolomé Ayautla,01/01/2022,
116,PUE,Quimixtlán,01/01/2022,
116,VER,Oluta,01/01/2022,
117,CHP,Montecristo de Guerrero,01/01/2022,
117,JAL,Cañadas de Obregón,01/01/2022,
117,MEX,Zacualpan,01/01/2022,
117,OAX,San Bartolomé Loxicha,01/01/2022,
117,PUE,Rafael Lara Grajales,01/01/2022,
117,VER,Omealca,01/01/2022,
118,CHP,San Andrés Duraznal,01/01/2022,
118,JAL,Yahualica de González Gallo,01/01/2022,
118,MEX,Zinacantepec,01/01/2022,
118,OAX,San Bartolomé Quialana,01/01/2022,
118,PUE,Los Reyes de Juárez,01/01/2022,
118,VER,Orizaba,01/01/2022,
119,CHP,Santiago el Pinar,01/01/2022,
119,JAL,Zacoalco de Torres,01/01/2022,
119,MEX,Zumpahuacán,01/01/2022,
119,OAX,San Bartolomé Yucuañe,01/01/2022,
119,PUE,San Andrés Cholula,01/01/2022,
119,VER,Otatitlán,01/01/2022,
120,JAL,Zapopan,01/01/2022,
120,MEX,Zumpango,01/01/2022,
120,OAX,San Bartolomé Zoogocho,01/01/2022,
120,PUE,San Antonio Cañada,01/01/2022,
120,VER,Oteapan,01/01/2022,
120,CHP,Capitán Luis Ángel Vidal,01/01/2022,
121,JAL,Zapotiltic,01/01/2022,
121,MEX,Cuautitlán Izcalli,01/01/2022,
121,OAX,San Bartolo Soyaltepec,01/01/2022,
121,PUE,San Diego la Mesa Tochimiltzingo,01/01/2022,
121,VER,Ozuluama de Mascareñas,01/01/2022,
121,CHP,Rincón Chamula San Pedro,01/01/2022,
122,JAL,Zapotitlán de Vadillo,01/01/2022,
122,MEX,Valle de Chalco Solidaridad,01/01/2022,
122,OAX,San Bartolo Yautepec,01/01/2022,
122,PUE,San Felipe Teotlalcingo,01/01/2022,
122,VER,Pajapan,01/01/2022,
122,CHP,El Parral,01/01/2022,
123,JAL,Zapotlán del Rey,01/01/2022,
123,MEX,Luvianos,01/01/2022,
123,OAX,San Bernardo Mixtepec,01/01/2022,
123,PUE,San Felipe Tepatlán,01/01/2022,
123,VER,Pánuco,01/01/2022,
123,CHP,Emiliano Zapata,01/01/2022,
124,JAL,Zapotlanejo,01/01/2022,
124,MEX,San José del Rincón,01/01/2022,
124,OAX,San Blas Atempa,01/01/2022,
124,PUE,San Gabriel Chilac,01/01/2022,
124,VER,Papantla,01/01/2022,
124,CHP,Mezcalapa,01/01/2022,
125,JAL,San Ignacio Cerro Gordo,01/01/2022,
125,MEX,Tonanitla,01/01/2022,
125,OAX,San Carlos Yautepec,01/01/2022,
125,PUE,San Gregorio Atzompa,01/01/2022,
125,VER,Paso del Macho,01/01/2022,
126,OAX,San Cristóbal Amatlán,01/01/2022,
126,PUE,San Jerónimo Tecuanipan,01/01/2022,
126,VER,Paso de Ovejas,01/01/2022,
127,OAX,San Cristóbal Amoltepec,01/01/2022,
127,PUE,San Jerónimo Xayacatlán,01/01/2022,
127,VER,La Perla,01/01/2022,
128,OAX,San Cristóbal Lachirioag,01/01/2022,
128,PUE,San José Chiapa,01/01/2022,
128,VER,Perote,01/01/2022,
129,OAX,San Cristóbal Suchixtlahuaca,01/01/2022,
129,PUE,San José Miahuatlán,01/01/2022,
129,VER,Platón Sánchez,01/01/2022,
130,OAX,San Dionisio del Mar,01/01/2022,
130,PUE,San Juan Atenco,01/01/2022,
130,VER,Playa Vicente,01/01/2022,
131,OAX,San Dionisio Ocotepec,01/01/2022,
131,PUE,San Juan Atzompa,01/01/2022,
131,VER,Poza Rica de Hidalgo,01/01/2022,
132,OAX,San Dionisio Ocotlán,01/01/2022,
132,PUE,San Martín Texmelucan,01/01/2022,
132,VER,Las Vigas de Ramírez,01/01/2022,
133,OAX,San Esteban Atatlahuca,01/01/2022,
133,PUE,San Martín Totoltepec,01/01/2022,
133,VER,Pueblo Viejo,01/01/2022,
134,OAX,San Felipe Jalapa de Díaz,01/01/2022,
134,PUE,San Matías Tlalancaleca,01/01/2022,
134,VER,Puente Nacional,01/01/2022,
135,OAX,San Felipe Tejalápam,01/01/2022,
135,PUE,San Miguel Ixitlán,01/01/2022,
135,VER,Rafael Delgado,01/01/2022,
136,OAX,San Felipe Usila,01/01/2022,
136,PUE,San Miguel Xoxtla,01/01/2022,
136,VER,Rafael Lucio,01/01/2022,
137,OAX,San Francisco Cahuacuá,01/01/2022,
137,PUE,San Nicolás Buenos Aires,01/01/2022,
137,VER,Los Reyes,01/01/2022,
138,OAX,San Francisco Cajonos,01/01/2022,
138,PUE,San Nicolás de los Ranchos,01/01/2022,
138,VER,Río Blanco,01/01/2022,
139,OAX,San Francisco Chapulapa,01/01/2022,
139,PUE,San Pablo Anicano,01/01/2022,
139,VER,Saltabarranca,01/01/2022,
140,OAX,San Francisco Chindúa,01/01/2022,
140,PUE,San Pedro Cholula,01/01/2022,
140,VER,San Andrés Tenejapan,01/01/2022,
141,OAX,San Francisco del Mar,01/01/2022,
141,PUE,San Pedro Yeloixtlahuaca,01/01/2022,
141,VER,San Andrés Tuxtla,01/01/2022,
142,OAX,San Francisco Huehuetlán,01/01/2022,
142,PUE,San Salvador el Seco,01/01/2022,
142,VER,San Juan Evangelista,01/01/2022,
143,OAX,San Francisco Ixhuatán,01/01/2022,
143,PUE,San Salvador el Verde,01/01/2022,
143,VER,Santiago Tuxtla,01/01/2022,
144,OAX,San Francisco Jaltepetongo,01/01/2022,
144,PUE,San Salvador Huixcolotla,01/01/2022,
144,VER,Sayula de Alemán,01/01/2022,
145,OAX,San Francisco Lachigoló,01/01/2022,
145,PUE,San Sebastián Tlacotepec,01/01/2022,
145,VER,Soconusco,01/01/2022,
146,OAX,San Francisco Logueche,01/01/2022,
146,PUE,Santa Catarina Tlaltempan,01/01/2022,
146,VER,Sochiapa,01/01/2022,
147,OAX,San Francisco Nuxaño,01/01/2022,
147,PUE,Santa Inés Ahuatempan,01/01/2022,
147,VER,Soledad Atzompa,01/01/2022,
148,OAX,San Francisco Ozolotepec,01/01/2022,
148,PUE,Santa Isabel Cholula,01/01/2022,
148,VER,Soledad de Doblado,01/01/2022,
149,OAX,San Francisco Sola,01/01/2022,
149,PUE,Santiago Miahuatlán,01/01/2022,
149,VER,Soteapan,01/01/2022,
150,OAX,San Francisco Telixtlahuaca,01/01/2022,
150,PUE,Huehuetlán el Grande,01/01/2022,
150,VER,Tamalín,01/01/2022,
151,OAX,San Francisco Teopan,01/01/2022,
151,PUE,Santo Tomás Hueyotlipan,01/01/2022,
151,VER,Tamiahua,01/01/2022,
152,OAX,San Francisco Tlapancingo,01/01/2022,
152,PUE,Soltepec,01/01/2022,
152,VER,Tampico Alto,01/01/2022,
153,OAX,San Gabriel Mixtepec,01/01/2022,
153,PUE,Tecali de Herrera,01/01/2022,
153,VER,Tancoco,01/01/2022,
154,OAX,San Ildefonso Amatlán,01/01/2022,
154,PUE,Tecamachalco,01/01/2022,
154,VER,Tantima,01/01/2022,
155,OAX,San Ildefonso Sola,01/01/2022,
155,PUE,Tecomatlán,01/01/2022,
155,VER,Tantoyuca,01/01/2022,
156,OAX,San Ildefonso Villa Alta,01/01/2022,
156,PUE,Tehuacán,01/01/2022,
156,VER,Tatatila,01/01/2022,
157,OAX,San Jacinto Amilpas,01/01/2022,
157,PUE,Tehuitzingo,01/01/2022,
157,VER,Castillo de Teayo,01/01/2022,
158,OAX,San Jacinto Tlacotepec,01/01/2022,
158,PUE,Tenampulco,01/01/2022,
158,VER,Tecolutla,01/01/2022,
159,OAX,San Jerónimo Coatlán,01/01/2022,
159,PUE,Teopantlán,01/01/2022,
159,VER,Tehuipango,01/01/2022,
160,OAX,San Jerónimo Silacayoapilla,01/01/2022,
160,PUE,Teotlalco,01/01/2022,
160,VER,Álamo Temapache,01/01/2022,
161,OAX,San Jerónimo Sosola,01/01/2022,
161,PUE,Tepanco de López,01/01/2022,
161,VER,Tempoal,01/01/2022,
162,OAX,San Jerónimo Taviche,01/01/2022,
162,PUE,Tepango de Rodríguez,01/01/2022,
162,VER,Tenampa,01/01/2022,
163,OAX,San Jerónimo Tecóatl,01/01/2022,
163,PUE,Tepatlaxco de Hidalgo,01/01/2022,
163,VER,Tenochtitlán,01/01/2022,
164,OAX,San Jorge Nuchita,01/01/2022,
164,PUE,Tepeaca,01/01/2022,
164,VER,Teocelo,01/01/2022,
165,OAX,San José Ayuquila,01/01/2022,
165,PUE,Tepemaxalco,01/01/2022,
165,VER,Tepatlaxco,01/01/2022,
166,OAX,San José Chiltepec,01/01/2022,
166,PUE,Tepeojuma,01/01/2022,
166,VER,Tepetlán,01/01/2022,
167,OAX,San José del Peñasco,01/01/2022,
167,PUE,Tepetzintla,01/01/2022,
167,VER,Tepetzintla,01/01/2022,
168,OAX,San José Estancia Grande,01/01/2022,
168,PUE,Tepexco,01/01/2022,
168,VER,Tequila,01/01/2022,
169,OAX,San José Independencia,01/01/2022,
169,PUE,Tepexi de Rodríguez,01/01/2022,
169,VER,José Azueta,01/01/2022,
170,OAX,San José Lachiguiri,01/01/2022,
170,PUE,Tepeyahualco,01/01/2022,
170,VER,Texcatepec,01/01/2022,
171,OAX,San José Tenango,01/01/2022,
171,PUE,Tepeyahualco de Cuauhtémoc,01/01/2022,
171,VER,Texhuacán,01/01/2022,
172,OAX,San Juan Achiutla,01/01/2022,
172,PUE,Tetela de Ocampo,01/01/2022,
172,VER,Texistepec,01/01/2022,
173,OAX,San Juan Atepec,01/01/2022,
173,PUE,Teteles de Avila Castillo,01/01/2022,
173,VER,Tezonapa,01/01/2022,
174,OAX,Ánimas Trujano,01/01/2022,
174,PUE,Teziutlán,01/01/2022,
174,VER,Tierra Blanca,01/01/2022,
175,OAX,San Juan Bautista Atatlahuca,01/01/2022,
175,PUE,Tianguismanalco,01/01/2022,
175,VER,Tihuatlán,01/01/2022,
176,OAX,San Juan Bautista Coixtlahuaca,01/01/2022,
176,PUE,Tilapa,01/01/2022,
176,VER,Tlacojalpan,01/01/2022,
177,OAX,San Juan Bautista Cuicatlán,01/01/2022,
177,PUE,Tlacotepec de Benito Juárez,01/01/2022,
177,VER,Tlacolulan,01/01/2022,
178,OAX,San Juan Bautista Guelache,01/01/2022,
178,PUE,Tlacuilotepec,01/01/2022,
178,VER,Tlacotalpan,01/01/2022,
179,OAX,San Juan Bautista Jayacatlán,01/01/2022,
179,PUE,Tlachichuca,01/01/2022,
179,VER,Tlacotepec de Mejía,01/01/2022,
180,OAX,San Juan Bautista Lo de Soto,01/01/2022,
180,PUE,Tlahuapan,01/01/2022,
180,VER,Tlachichilco,01/01/2022,
181,OAX,San Juan Bautista Suchitepec,01/01/2022,
181,PUE,Tlaltenango,01/01/2022,
181,VER,Tlalixcoyan,01/01/2022,
182,OAX,San Juan Bautista Tlacoatzintepec,01/01/2022,
182,PUE,Tlanepantla,01/01/2022,
182,VER,Tlalnelhuayocan,01/01/2022,
183,OAX,San Juan Bautista Tlachichilco,01/01/2022,
183,PUE,Tlaola,01/01/2022,
183,VER,Tlapacoyan,01/01/2022,
184,OAX,San Juan Bautista Tuxtepec,01/01/2022,
184,PUE,Tlapacoya,01/01/2022,
184,VER,Tlaquilpa,01/01/2022,
185,OAX,San Juan Cacahuatepec,01/01/2022,
185,PUE,Tlapanalá,01/01/2022,
185,VER,Tlilapan,01/01/2022,
186,OAX,San Juan Cieneguilla,01/01/2022,
186,PUE,Tlatlauquitepec,01/01/2022,
186,VER,Tomatlán,01/01/2022,
187,OAX,San Juan Coatzóspam,01/01/2022,
187,PUE,Tlaxco,01/01/2022,
187,VER,Tonayán,01/01/2022,
188,OAX,San Juan Colorado,01/01/2022,
188,PUE,Tochimilco,01/01/2022,
188,VER,Totutla,01/01/2022,
189,OAX,San Juan Comaltepec,01/01/2022,
189,PUE,Tochtepec,01/01/2022,
189,VER,Tuxpan,01/01/2022,
190,OAX,San Juan Cotzocón,01/01/2022,
190,PUE,Totoltepec de Guerrero,01/01/2022,
190,VER,Tuxtilla,01/01/2022,
191,OAX,San Juan Chicomezúchil,01/01/2022,
191,PUE,Tulcingo,01/01/2022,
191,VER,Ursulo Galván,01/01/2022,
192,OAX,San Juan Chilateca,01/01/2022,
192,PUE,Tuzamapan de Galeana,01/01/2022,
192,VER,Vega de Alatorre,01/01/2022,
193,OAX,San Juan del Estado,01/01/2022,
193,PUE,Tzicatlacoyan,01/01/2022,
193,VER,Veracruz,01/01/2022,
194,OAX,San Juan del Río,01/01/2022,
194,PUE,Venustiano Carranza,01/01/2022,
194,VER,Villa Aldama,01/01/2022,
195,OAX,San Juan Diuxi,01/01/2022,
195,PUE,Vicente Guerrero,01/01/2022,
195,VER,Xoxocotla,01/01/2022,
196,OAX,San Juan Evangelista Analco,01/01/2022,
196,PUE,Xayacatlán de Bravo,01/01/2022,
196,VER,Yanga,01/01/2022,
197,OAX,San Juan Guelavía,01/01/2022,
197,PUE,Xicotepec,01/01/2022,
197,VER,Yecuatla,01/01/2022,
198,OAX,San Juan Guichicovi,01/01/2022,
198,PUE,Xicotlán,01/01/2022,
198,VER,Zacualpan,01/01/2022,
199,OAX,San Juan Ihualtepec,01/01/2022,
199,PUE,Xiutetelco,01/01/2022,
199,VER,Zaragoza,01/01/2022,
200,OAX,San Juan Juquila Mixes,01/01/2022,
200,PUE,Xochiapulco,01/01/2022,
200,VER,Zentla,01/01/2022,
201,OAX,San Juan Juquila Vijanos,01/01/2022,
201,PUE,Xochiltepec,01/01/2022,
201,VER,Zongolica,01/01/2022,
202,OAX,San Juan Lachao,01/01/2022,
202,PUE,Xochitlán de Vicente Suárez,01/01/2022,
202,VER,Zontecomatlán de López y Fuentes,01/01/2022,
203,OAX,San Juan Lachigalla,01/01/2022,
203,PUE,Xochitlán Todos Santos,01/01/2022,
203,VER,Zozocolco de Hidalgo,01/01/2022,
204,OAX,San Juan Lajarcia,01/01/2022,
204,PUE,Yaonáhuac,01/01/2022,
204,VER,Agua Dulce,01/01/2022,
205,OAX,San Juan Lalana,01/01/2022,
205,PUE,Yehualtepec,01/01/2022,
205,VER,El Higo,01/01/2022,
206,OAX,San Juan de los Cués,01/01/2022,
206,PUE,Zacapala,01/01/2022,
206,VER,Nanchital de Lázaro Cárdenas del Río,01/01/2022,
207,OAX,San Juan Mazatlán,01/01/2022,
207,PUE,Zacapoaxtla,01/01/2022,
207,VER,Tres Valles,01/01/2022,
208,OAX,San Juan Mixtepec -Dto. 08 -,01/01/2022,
208,PUE,Zacatlán,01/01/2022,
208,VER,Carlos A. Carrillo,01/01/2022,
209,OAX,San Juan Mixtepec -Dto. 26 -,01/01/2022,
209,PUE,Zapotitlán,01/01/2022,
209,VER,Tatahuicapan de Juárez,01/01/2022,
210,OAX,San Juan Ñumí,01/01/2022,
210,PUE,Zapotitlán de Méndez,01/01/2022,
210,VER,Uxpanapa,01/01/2022,
211,OAX,San Juan Ozolotepec,01/01/2022,
211,PUE,Zaragoza,01/01/2022,
211,VER,San Rafael,01/01/2022,
212,OAX,San Juan Petlapa,01/01/2022,
212,PUE,Zautla,01/01/2022,
212,VER,Santiago Sochiapan,01/01/2022,
213,OAX,San Juan Quiahije,01/01/2022,
213,PUE,Zihuateutla,01/01/2022,
214,OAX,San Juan Quiotepec,01/01/2022,
214,PUE,Zinacatepec,01/01/2022,
215,OAX,San Juan Sayultepec,01/01/2022,
215,PUE,Zongozotla,01/01/2022,
216,OAX,San Juan Tabaá,01/01/2022,
216,PUE,Zoquiapan,01/01/2022,
217,OAX,San Juan Tamazola,01/01/2022,
217,PUE,Zoquitlán,01/01/2022,
218,OAX,San Juan Teita,01/01/2022,
219,OAX,San Juan Teitipac,01/01/2022,
220,OAX,San Juan Tepeuxila,01/01/2022,
221,OAX,San Juan Teposcolula,01/01/2022,
222,OAX,San Juan Yaeé,01/01/2022,
223,OAX,San Juan Yatzona,01/01/2022,
224,OAX,San Juan Yucuita,01/01/2022,
225,OAX,San Lorenzo,01/01/2022,
226,OAX,San Lorenzo Albarradas,01/01/2022,
227,OAX,San Lorenzo Cacaotepec,01/01/2022,
228,OAX,San Lorenzo Cuaunecuiltitla,01/01/2022,
229,OAX,San Lorenzo Texmelúcan,01/01/2022,
230,OAX,San Lorenzo Victoria,01/01/2022,
231,OAX,San Lucas Camotlán,01/01/2022,
232,OAX,San Lucas Ojitlán,01/01/2022,
233,OAX,San Lucas Quiaviní,01/01/2022,
234,OAX,San Lucas Zoquiápam,01/01/2022,
235,OAX,San Luis Amatlán,01/01/2022,
236,OAX,San Marcial Ozolotepec,01/01/2022,
237,OAX,San Marcos Arteaga,01/01/2022,
238,OAX,San Martín de los Cansecos,01/01/2022,
239,OAX,San Martín Huamelúlpam,01/01/2022,
240,OAX,San Martín Itunyoso,01/01/2022,
241,OAX,San Martín Lachilá,01/01/2022,
242,OAX,San Martín Peras,01/01/2022,
243,OAX,San Martín Tilcajete,01/01/2022,
244,OAX,San Martín Toxpalan,01/01/2022,
245,OAX,San Martín Zacatepec,01/01/2022,
246,OAX,San Mateo Cajonos,01/01/2022,
247,OAX,Capulálpam de Méndez,01/01/2022,
248,OAX,San Mateo del Mar,01/01/2022,
249,OAX,San Mateo Yoloxochitlán,01/01/2022,
250,OAX,San Mateo Etlatongo,01/01/2022,
251,OAX,San Mateo Nejápam,01/01/2022,
252,OAX,San Mateo Peñasco,01/01/2022,
253,OAX,San Mateo Piñas,01/01/2022,
254,OAX,San Mateo Río Hondo,01/01/2022,
255,OAX,San Mateo Sindihui,01/01/2022,
256,OAX,San Mateo Tlapiltepec,01/01/2022,
257,OAX,San Melchor Betaza,01/01/2022,
258,OAX,San Miguel Achiutla,01/01/2022,
259,OAX,San Miguel Ahuehuetitlán,01/01/2022,
260,OAX,San Miguel Aloápam,01/01/2022,
261,OAX,San Miguel Amatitlán,01/01/2022,
262,OAX,San Miguel Amatlán,01/01/2022,
263,OAX,San Miguel Coatlán,01/01/2022,
264,OAX,San Miguel Chicahua,01/01/2022,
265,OAX,San Miguel Chimalapa,01/01/2022,
266,OAX,San Miguel del Puerto,01/01/2022,
267,OAX,San Miguel del Río,01/01/2022,
268,OAX,San Miguel Ejutla,01/01/2022,
269,OAX,San Miguel el Grande,01/01/2022,
270,OAX,San Miguel Huautla,01/01/2022,
271,OAX,San Miguel Mixtepec,01/01/2022,
272,OAX,San Miguel Panixtlahuaca,01/01/2022,
273,OAX,San Miguel Peras,01/01/2022,
274,OAX,San Miguel Piedras,01/01/2022,
275,OAX,San Miguel Quetzaltepec,01/01/2022,
276,OAX,San Miguel Santa Flor,01/01/2022,
277,OAX,Villa Sola de Vega,01/01/2022,
278,OAX,San Miguel Soyaltepec,01/01/2022,
279,OAX,San Miguel Suchixtepec,01/01/2022,
280,OAX,Villa Talea de Castro,01/01/2022,
281,OAX,San Miguel Tecomatlán,01/01/2022,
282,OAX,San Miguel Tenango,01/01/2022,
283,OAX,San Miguel Tequixtepec,01/01/2022,
284,OAX,San Miguel Tilquiápam,01/01/2022,
285,OAX,San Miguel Tlacamama,01/01/2022,
286,OAX,San Miguel Tlacotepec,01/01/2022,
287,OAX,San Miguel Tulancingo,01/01/2022,
288,OAX,San Miguel Yotao,01/01/2022,
289,OAX,San Nicolás,01/01/2022,
290,OAX,San Nicolás Hidalgo,01/01/2022,
291,OAX,San Pablo Coatlán,01/01/2022,
292,OAX,San Pablo Cuatro Venados,01/01/2022,
293,OAX,San Pablo Etla,01/01/2022,
294,OAX,San Pablo Huitzo,01/01/2022,
295,OAX,San Pablo Huixtepec,01/01/2022,
296,OAX,San Pablo Macuiltianguis,01/01/2022,
297,OAX,San Pablo Tijaltepec,01/01/2022,
298,OAX,San Pablo Villa de Mitla,01/01/2022,
299,OAX,San Pablo Yaganiza,01/01/2022,
300,OAX,San Pedro Amuzgos,01/01/2022,
301,OAX,San Pedro Apóstol,01/01/2022,
302,OAX,San Pedro Atoyac,01/01/2022,
303,OAX,San Pedro Cajonos,01/01/2022,
304,OAX,San Pedro Coxcaltepec Cántaros,01/01/2022,
305,OAX,San Pedro Comitancillo,01/01/2022,
306,OAX,San Pedro el Alto,01/01/2022,
307,OAX,San Pedro Huamelula,01/01/2022,
308,OAX,San Pedro Huilotepec,01/01/2022,
309,OAX,San Pedro Ixcatlán,01/01/2022,
310,OAX,San Pedro Ixtlahuaca,01/01/2022,
311,OAX,San Pedro Jaltepetongo,01/01/2022,
312,OAX,San Pedro Jicayán,01/01/2022,
313,OAX,San Pedro Jocotipac,01/01/2022,
314,OAX,San Pedro Juchatengo,01/01/2022,
315,OAX,San Pedro Mártir,01/01/2022,
316,OAX,San Pedro Mártir Quiechapa,01/01/2022,
317,OAX,San Pedro Mártir Yucuxaco,01/01/2022,
318,OAX,San Pedro Mixtepec -Dto. 22 -,01/01/2022,
319,OAX,San Pedro Mixtepec -Dto. 26 -,01/01/2022,
320,OAX,San Pedro Molinos,01/01/2022,
321,OAX,San Pedro Nopala,01/01/2022,
322,OAX,San Pedro Ocopetatillo,01/01/2022,
323,OAX,San Pedro Ocotepec,01/01/2022,
324,OAX,San Pedro Pochutla,01/01/2022,
325,OAX,San Pedro Quiatoni,01/01/2022,
326,OAX,San Pedro Sochiápam,01/01/2022,
327,OAX,San Pedro Tapanatepec,01/01/2022,
328,OAX,San Pedro Taviche,01/01/2022,
329,OAX,San Pedro Teozacoalco,01/01/2022,
330,OAX,San Pedro Teutila,01/01/2022,
331,OAX,San Pedro Tidaá,01/01/2022,
332,OAX,San Pedro Topiltepec,01/01/2022,
333,OAX,San Pedro Totolápam,01/01/2022,
334,OAX,Villa de Tututepec de Melchor Ocampo,01/01/2022,
335,OAX,San Pedro Yaneri,01/01/2022,
336,OAX,San Pedro Yólox,01/01/2022,
337,OAX,San Pedro y San Pablo Ayutla,01/01/2022,
338,OAX,Villa de Etla,01/01/2022,
339,OAX,San Pedro y San Pablo Teposcolula,01/01/2022,
340,OAX,San Pedro y San Pablo Tequixtepec,01/01/2022,
341,OAX,San Pedro Yucunama,01/01/2022,
342,OAX,San Raymundo Jalpan,01/01/2022,
343,OAX,San Sebastián Abasolo,01/01/2022,
344,OAX,San Sebastián Coatlán,01/01/2022,
345,OAX,San Sebastián Ixcapa,01/01/2022,
346,OAX,San Sebastián Nicananduta,01/01/2022,
347,OAX,San Sebastián Río Hondo,01/01/2022,
348,OAX,San Sebastián Tecomaxtlahuaca,01/01/2022,
349,OAX,San Sebastián Teitipac,01/01/2022,
350,OAX,San Sebastián Tutla,01/01/2022,
351,OAX,San Simón Almolongas,01/01/2022,
352,OAX,San Simón Zahuatlán,01/01/2022,
353,OAX,Santa Ana,01/01/2022,
354,OAX,Santa Ana Ateixtlahuaca,01/01/2022,
355,OAX,Santa Ana Cuauhtémoc,01/01/2022,
356,OAX,Santa Ana del Valle,01/01/2022,
357,OAX,Santa Ana Tavela,01/01/2022,
358,OAX,Santa Ana Tlapacoyan,01/01/2022,
359,OAX,Santa Ana Yareni,01/01/2022,
360,OAX,Santa Ana Zegache,01/01/2022,
361,OAX,Santa Catalina Quierí,01/01/2022,
362,OAX,Santa Catarina Cuixtla,01/01/2022,
363,OAX,Santa Catarina Ixtepeji,01/01/2022,
364,OAX,Santa Catarina Juquila,01/01/2022,
365,OAX,Santa Catarina Lachatao,01/01/2022,
366,OAX,Santa Catarina Loxicha,01/01/2022,
367,OAX,Santa Catarina Mechoacán,01/01/2022,
368,OAX,Santa Catarina Minas,01/01/2022,
369,OAX,Santa Catarina Quiané,01/01/2022,
370,OAX,Santa Catarina Tayata,01/01/2022,
371,OAX,Santa Catarina Ticuá,01/01/2022,
372,OAX,Santa Catarina Yosonotú,01/01/2022,
373,OAX,Santa Catarina Zapoquila,01/01/2022,
374,OAX,Santa Cruz Acatepec,01/01/2022,
375,OAX,Santa Cruz Amilpas,01/01/2022,
376,OAX,Santa Cruz de Bravo,01/01/2022,
377,OAX,Santa Cruz Itundujia,01/01/2022,
378,OAX,Santa Cruz Mixtepec,01/01/2022,
379,OAX,Santa Cruz Nundaco,01/01/2022,
380,OAX,Santa Cruz Papalutla,01/01/2022,
381,OAX,Santa Cruz Tacache de Mina,01/01/2022,
382,OAX,Santa Cruz Tacahua,01/01/2022,
383,OAX,Santa Cruz Tayata,01/01/2022,
384,OAX,Santa Cruz Xitla,01/01/2022,
385,OAX,Santa Cruz Xoxocotlán,01/01/2022,
386,OAX,Santa Cruz Zenzontepec,01/01/2022,
387,OAX,Santa Gertrudis,01/01/2022,
388,OAX,Santa Inés del Monte,01/01/2022,
389,OAX,Santa Inés Yatzeche,01/01/2022,
390,OAX,Santa Lucía del Camino,01/01/2022,
391,OAX,Santa Lucía Miahuatlán,01/01/2022,
392,OAX,Santa Lucía Monteverde,01/01/2022,
393,OAX,Santa Lucía Ocotlán,01/01/2022,
394,OAX,Santa María Alotepec,01/01/2022,
395,OAX,Santa María Apazco,01/01/2022,
396,OAX,Santa María la Asunción,01/01/2022,
397,OAX,Heroica Ciudad de Tlaxiaco,01/01/2022,
398,OAX,Ayoquezco de Aldama,01/01/2022,
399,OAX,Santa María Atzompa,01/01/2022,
400,OAX,Santa María Camotlán,01/01/2022,
401,OAX,Santa María Colotepec,01/01/2022,
402,OAX,Santa María Cortijo,01/01/2022,
403,OAX,Santa María Coyotepec,01/01/2022,
404,OAX,Santa María Chachoápam,01/01/2022,
405,OAX,Villa de Chilapa de Díaz,01/01/2022,
406,OAX,Santa María Chilchotla,01/01/2022,
407,OAX,Santa María Chimalapa,01/01/2022,
408,OAX,Santa María del Rosario,01/01/2022,
409,OAX,Santa María del Tule,01/01/2022,
410,OAX,Santa María Ecatepec,01/01/2022,
411,OAX,Santa María Guelacé,01/01/2022,
412,OAX,Santa María Guienagati,01/01/2022,
413,OAX,Santa María Huatulco,01/01/2022,
414,OAX,Santa María Huazolotitlán,01/01/2022,
415,OAX,Santa María Ipalapa,01/01/2022,
416,OAX,Santa María Ixcatlán,01/01/2022,
417,OAX,Santa María Jacatepec,01/01/2022,
418,OAX,Santa María Jalapa del Marqués,01/01/2022,
419,OAX,Santa María Jaltianguis,01/01/2022,
420,OAX,Santa María Lachixío,01/01/2022,
421,OAX,Santa María Mixtequilla,01/01/2022,
422,OAX,Santa María Nativitas,01/01/2022,
423,OAX,Santa María Nduayaco,01/01/2022,
424,OAX,Santa María Ozolotepec,01/01/2022,
425,OAX,Santa María Pápalo,01/01/2022,
426,OAX,Santa María Peñoles,01/01/2022,
427,OAX,Santa María Petapa,01/01/2022,
428,OAX,Santa María Quiegolani,01/01/2022,
429,OAX,Santa María Sola,01/01/2022,
430,OAX,Santa María Tataltepec,01/01/2022,
431,OAX,Santa María Tecomavaca,01/01/2022,
432,OAX,Santa María Temaxcalapa,01/01/2022,
433,OAX,Santa María Temaxcaltepec,01/01/2022,
434,OAX,Santa María Teopoxco,01/01/2022,
435,OAX,Santa María Tepantlali,01/01/2022,
436,OAX,Santa María Texcatitlán,01/01/2022,
437,OAX,Santa María Tlahuitoltepec,01/01/2022,
438,OAX,Santa María Tlalixtac,01/01/2022,
439,OAX,Santa María Tonameca,01/01/2022,
440,OAX,Santa María Totolapilla,01/01/2022,
441,OAX,Santa María Xadani,01/01/2022,
442,OAX,Santa María Yalina,01/01/2022,
443,OAX,Santa María Yavesía,01/01/2022,
444,OAX,Santa María Yolotepec,01/01/2022,
445,OAX,Santa María Yosoyúa,01/01/2022,
446,OAX,Santa María Yucuhiti,01/01/2022,
447,OAX,Santa María Zacatepec,01/01/2022,
448,OAX,Santa María Zaniza,01/01/2022,
449,OAX,Santa María Zoquitlán,01/01/2022,
450,OAX,Santiago Amoltepec,01/01/2022,
451,OAX,Santiago Apoala,01/01/2022,
452,OAX,Santiago Apóstol,01/01/2022,
453,OAX,Santiago Astata,01/01/2022,
454,OAX,Santiago Atitlán,01/01/2022,
455,OAX,Santiago Ayuquililla,01/01/2022,
456,OAX,Santiago Cacaloxtepec,01/01/2022,
457,OAX,Santiago Camotlán,01/01/2022,
458,OAX,Santiago Comaltepec,01/01/2022,
459,OAX,Santiago Chazumba,01/01/2022,
460,OAX,Santiago Choápam,01/01/2022,
461,OAX,Santiago del Río,01/01/2022,
462,OAX,Santiago Huajolotitlán,01/01/2022,
463,OAX,Santiago Huauclilla,01/01/2022,
464,OAX,Santiago Ihuitlán Plumas,01/01/2022,
465,OAX,Santiago Ixcuintepec,01/01/2022,
466,OAX,Santiago Ixtayutla,01/01/2022,
467,OAX,Santiago Jamiltepec,01/01/2022,
468,OAX,Santiago Jocotepec,01/01/2022,
469,OAX,Santiago Juxtlahuaca,01/01/2022,
470,OAX,Santiago Lachiguiri,01/01/2022,
471,OAX,Santiago Lalopa,01/01/2022,
472,OAX,Santiago Laollaga,01/01/2022,
473,OAX,Santiago Laxopa,01/01/2022,
474,OAX,Santiago Llano Grande,01/01/2022,
475,OAX,Santiago Matatlán,01/01/2022,
476,OAX,Santiago Miltepec,01/01/2022,
477,OAX,Santiago Minas,01/01/2022,
478,OAX,Santiago Nacaltepec,01/01/2022,
479,OAX,Santiago Nejapilla,01/01/2022,
480,OAX,Santiago Nundiche,01/01/2022,
481,OAX,Santiago Nuyoó,01/01/2022,
482,OAX,Santiago Pinotepa Nacional,01/01/2022,
483,OAX,Santiago Suchilquitongo,01/01/2022,
484,OAX,Santiago Tamazola,01/01/2022,
485,OAX,Santiago Tapextla,01/01/2022,
486,OAX,Villa Tejúpam de la Unión,01/01/2022,
487,OAX,Santiago Tenango,01/01/2022,
488,OAX,Santiago Tepetlapa,01/01/2022,
489,OAX,Santiago Tetepec,01/01/2022,
490,OAX,Santiago Texcalcingo,01/01/2022,
491,OAX,Santiago Textitlán,01/01/2022,
492,OAX,Santiago Tilantongo,01/01/2022,
493,OAX,Santiago Tillo,01/01/2022,
494,OAX,Santiago Tlazoyaltepec,01/01/2022,
495,OAX,Santiago Xanica,01/01/2022,
496,OAX,Santiago Xiacuí,01/01/2022,
497,OAX,Santiago Yaitepec,01/01/2022,
498,OAX,Santiago Yaveo,01/01/2022,
499,OAX,Santiago Yolomécatl,01/01/2022,
500,OAX,Santiago Yosondúa,01/01/2022,
501,OAX,Santiago Yucuyachi,01/01/2022,
502,OAX,Santiago Zacatepec,01/01/2022,
503,OAX,Santiago Zoochila,01/01/2022,
504,OAX,Nuevo Zoquiápam,01/01/2022,
505,OAX,Santo Domingo Ingenio,01/01/2022,
506,OAX,Santo Domingo Albarradas,01/01/2022,
507,OAX,Santo Domingo Armenta,01/01/2022,
508,OAX,Santo Domingo Chihuitán,01/01/2022,
509,OAX,Santo Domingo de Morelos,01/01/2022,
510,OAX,Santo Domingo Ixcatlán,01/01/2022,
511,OAX,Santo Domingo Nuxaá,01/01/2022,
512,OAX,Santo Domingo Ozolotepec,01/01/2022,
513,OAX,Santo Domingo Petapa,01/01/2022,
514,OAX,Santo Domingo Roayaga,01/01/2022,
515,OAX,Santo Domingo Tehuantepec,01/01/2022,
516,OAX,Santo Domingo Teojomulco,01/01/2022,
517,OAX,Santo Domingo Tepuxtepec,01/01/2022,
518,OAX,Santo Domingo Tlatayápam,01/01/2022,
519,OAX,Santo Domingo Tomaltepec,01/01/2022,
520,OAX,Santo Domingo Tonalá,01/01/2022,
521,OAX,Santo Domingo Tonaltepec,01/01/2022,
522,OAX,Santo Domingo Xagacía,01/01/2022,
523,OAX,Santo Domingo Yanhuitlán,01/01/2022,
524,OAX,Santo Domingo Yodohino,01/01/2022,
525,OAX,Santo Domingo Zanatepec,01/01/2022,
526,OAX,Santos Reyes Nopala,01/01/2022,
527,OAX,Santos Reyes Pápalo,01/01/2022,
528,OAX,Santos Reyes Tepejillo,01/01/2022,
529,OAX,Santos Reyes Yucuná,01/01/2022,
530,OAX,Santo Tomás Jalieza,01/01/2022,
531,OAX,Santo Tomás Mazaltepec,01/01/2022,
532,OAX,Santo Tomás Ocotepec,01/01/2022,
533,OAX,Santo Tomás Tamazulapan,01/01/2022,
534,OAX,San Vicente Coatlán,01/01/2022,
535,OAX,San Vicente Lachixío,01/01/2022,
536,OAX,San Vicente Nuñú,01/01/2022,
537,OAX,Silacayoápam,01/01/2022,
538,OAX,Sitio de Xitlapehua,01/01/2022,
539,OAX,Soledad Etla,01/01/2022,
540,OAX,Villa de Tamazulápam del Progreso,01/01/2022,
541,OAX,Tanetze de Zaragoza,01/01/2022,
542,OAX,Taniche,01/01/2022,
543,OAX,Tataltepec de Valdés,01/01/2022,
544,OAX,Teococuilco de Marcos Pérez,01/01/2022,
545,OAX,Teotitlán de Flores Magón,01/01/2022,
546,OAX,Teotitlán del Valle,01/01/2022,
547,OAX,Teotongo,01/01/2022,
548,OAX,Tepelmeme Villa de Morelos,01/01/2022,
549,OAX,Tezoatlán de Segura y Luna,01/01/2022,
550,OAX,San Jerónimo Tlacochahuaya,01/01/2022,
551,OAX,Tlacolula de Matamoros,01/01/2022,
552,OAX,Tlacotepec Plumas,01/01/2022,
553,OAX,Tlalixtac de Cabrera,01/01/2022,
554,OAX,Totontepec Villa de Morelos,01/01/2022,
555,OAX,Trinidad Zaachila,01/01/2022,
556,OAX,La Trinidad Vista Hermosa,01/01/2022,
557,OAX,Unión Hidalgo,01/01/2022,
558,OAX,Valerio Trujano,01/01/2022,
559,OAX,San Juan Bautista Valle Nacional,01/01/2022,
560,OAX,Villa Díaz Ordaz,01/01/2022,
561,OAX,Yaxe,01/01/2022,
562,OAX,Magdalena Yodocono de Porfirio Díaz,01/01/2022,
563,OAX,Yogana,01/01/2022,
564,OAX,Yutanduchi de Guerrero,01/01/2022,
565,OAX,Villa de Zaachila,01/01/2022,
566,OAX,San Mateo Yucutindoo,01/01/2022,
567,OAX,Zapotitlán Lagunas,01/01/2022,
568,OAX,Zapotitlán Palmas,01/01/2022,
569,OAX,Santa Inés de Zaragoza,01/01/2022,
570,OAX,Zimatlán de Álvarez,01/01/2022,
